{
  "type": "FeatureCollection",
  "name": "Bike_Network_Layer",
  "crs": {
    "type": "name",
    "properties": { "name": "urn:ogc:def:crs:OGC:1.3:CRS84" }
  },
  "features": [
    {
      "type": "Feature",
      "properties": {
        "Type": "BIKE LANE",
        "Status": "PLANNED",
        "Notes": null,
        "Year": null,
        "OBJECTID_1": 1,
        "GlobalID": "{B2165BDF-9A92-43FE-80B1-3330BAA8E318}",
        "Feet": 870.08117931000004,
        "Miles": 0.1647881,
        "ShapeSTLength": 460.5404421530522
      },
      "geometry": {
        "type": "LineString",
        "coordinates": [
          [-84.316762302888677, 33.931876846349219],
          [-84.31802208224336, 33.932583369098964]
        ]
      }
    },
    {
      "type": "Feature",
      "properties": {
        "Type": "BIKE LANE",
        "Status": null,
        "Notes": null,
        "Year": null,
        "OBJECTID_1": 2,
        "GlobalID": "{A7D86CAF-BF69-4CCF-8BC5-609C8578FD39}",
        "Feet": 373.35549564000002,
        "Miles": 0.07071127,
        "ShapeSTLength": 373.35549562949109
      },
      "geometry": {
        "type": "LineString",
        "coordinates": [
          [-84.346646688793129, 33.96518304101712],
          [-84.346647418130303, 33.965529308141541],
          [-84.346628687947359, 33.966032248411928],
          [-84.346616428885014, 33.966208541220574]
        ]
      }
    },
    {
      "type": "Feature",
      "properties": {
        "Type": "BIKE LANE",
        "Status": "COMPLETED",
        "Notes": null,
        "Year": "2016",
        "OBJECTID_1": 3,
        "GlobalID": "{D151A845-1648-4D5F-B38B-9E5EEDEA63C8}",
        "Feet": 392.65868081999997,
        "Miles": 0.07436717,
        "ShapeSTLength": 392.65868081874055
      },
      "geometry": {
        "type": "LineString",
        "coordinates": [
          [-84.337996916344778, 33.943562109272335],
          [-84.337873129391724, 33.943644455881746],
          [-84.337613015058849, 33.943834441485414],
          [-84.337456894801434, 33.943961196284626],
          [-84.337219410663835, 33.94415400962],
          [-84.337046776931047, 33.944294170539834]
        ]
      }
    },
    {
      "type": "Feature",
      "properties": {
        "Type": "BIKE LANE",
        "Status": "COMPLETED",
        "Notes": null,
        "Year": "2016",
        "OBJECTID_1": 4,
        "GlobalID": "{1E308A25-A8F6-4D3A-96B1-453A807BE719}",
        "Feet": 674.80896967000001,
        "Miles": 0.12780473,
        "ShapeSTLength": 674.80896966658781
      },
      "geometry": {
        "type": "LineString",
        "coordinates": [
          [-84.337046776931047, 33.944294170539834],
          [-84.335841901714829, 33.945296165149976],
          [-84.335453376680633, 33.945588004556441]
        ]
      }
    },
    {
      "type": "Feature",
      "properties": {
        "Type": "BIKE LANE",
        "Status": "COMPLETED",
        "Notes": null,
        "Year": "2016",
        "OBJECTID_1": 5,
        "GlobalID": "{361F80FF-0A1C-455B-98C2-88F7F3A27454}",
        "Feet": 387.16244013,
        "Miles": 0.07332622,
        "ShapeSTLength": 387.16244013018121
      },
      "geometry": {
        "type": "LineString",
        "coordinates": [
          [-84.335453376680633, 33.945588004556441],
          [-84.335170064812431, 33.945725800769942],
          [-84.334310077196335, 33.946059503370165]
        ]
      }
    },
    {
      "type": "Feature",
      "properties": {
        "Type": "BIKE LANE",
        "Status": "COMPLETED",
        "Notes": null,
        "Year": "2016",
        "OBJECTID_1": 6,
        "GlobalID": "{6E4834AC-321A-4260-A3E3-7557772AFDD2}",
        "Feet": 899.44452045000003,
        "Miles": 0.17034934,
        "ShapeSTLength": 899.44452044953948
      },
      "geometry": {
        "type": "LineString",
        "coordinates": [
          [-84.334310077196335, 33.946059503370165],
          [-84.334299943472885, 33.946063361710955],
          [-84.333469839907679, 33.946379431485326],
          [-84.332791036236117, 33.946627684816143],
          [-84.332365907890363, 33.946757421360928],
          [-84.331888007462311, 33.946881731847853],
          [-84.331545156467698, 33.946928910246342]
        ]
      }
    },
    {
      "type": "Feature",
      "properties": {
        "Type": "BIKE LANE",
        "Status": "COMPLETED",
        "Notes": null,
        "Year": "2016",
        "OBJECTID_1": 7,
        "GlobalID": "{19F8D46B-6103-41E8-B842-D1F4CD455F3F}",
        "Feet": 853.13358877999997,
        "Miles": 0.16157833,
        "ShapeSTLength": 853.13358878182237
      },
      "geometry": {
        "type": "LineString",
        "coordinates": [
          [-84.331545156467698, 33.946928910246342],
          [-84.331166041927688, 33.946981632474426],
          [-84.329184659678802, 33.947209613305553],
          [-84.328760186525955, 33.947259660571113]
        ]
      }
    },
    {
      "type": "Feature",
      "properties": {
        "Type": "BIKE LANE",
        "Status": "COMPLETED",
        "Notes": null,
        "Year": "2016",
        "OBJECTID_1": 8,
        "GlobalID": "{DE56F532-9F88-48F4-BC43-9C5B2624F999}",
        "Feet": 448.99828007999997,
        "Miles": 0.08503755,
        "ShapeSTLength": 448.99828007599041
      },
      "geometry": {
        "type": "LineString",
        "coordinates": [
          [-84.327757280240505, 33.947450580304583],
          [-84.32754965867889, 33.947516807692139],
          [-84.326656632204745, 33.947842255495516],
          [-84.326396299357313, 33.947936031046737]
        ]
      }
    },
    {
      "type": "Feature",
      "properties": {
        "Type": "BIKE LANE",
        "Status": "COMPLETED",
        "Notes": null,
        "Year": "2016",
        "OBJECTID_1": 9,
        "GlobalID": "{17FF79D1-30E6-4078-85F0-70619B0FA0B5}",
        "Feet": 576.64119213000004,
        "Miles": 0.10921235,
        "ShapeSTLength": 576.64119213001572
      },
      "geometry": {
        "type": "LineString",
        "coordinates": [
          [-84.326396299357313, 33.947936031046737],
          [-84.325387945170732, 33.948313834292804],
          [-84.324999085668637, 33.948451743113935],
          [-84.324659674416367, 33.948581342770652]
        ]
      }
    },
    {
      "type": "Feature",
      "properties": {
        "Type": "BIKE LANE",
        "Status": "COMPLETED",
        "Notes": null,
        "Year": "2016",
        "OBJECTID_1": 10,
        "GlobalID": "{E287A3A9-558C-476C-89CF-5683689E382A}",
        "Feet": 363.68399728000003,
        "Miles": 0.06887954,
        "ShapeSTLength": 363.68399728009285
      },
      "geometry": {
        "type": "LineString",
        "coordinates": [
          [-84.324659674416367, 33.948581342770652],
          [-84.324442190450412, 33.948666814702257],
          [-84.323575551067336, 33.949008695281606]
        ]
      }
    },
    {
      "type": "Feature",
      "properties": {
        "Type": "BIKE LANE",
        "Status": "COMPLETED",
        "Notes": null,
        "Year": "2016",
        "OBJECTID_1": 11,
        "GlobalID": "{95633861-F066-429C-B399-005B21B58E9B}",
        "Feet": 685.7337238,
        "Miles": 0.12987381,
        "ShapeSTLength": 685.73372380160708
      },
      "geometry": {
        "type": "LineString",
        "coordinates": [
          [-84.323575551067336, 33.949008695281606],
          [-84.323357999452796, 33.949058439280591],
          [-84.322102452619021, 33.949521722972719],
          [-84.321489473576548, 33.949731356566346]
        ]
      }
    },
    {
      "type": "Feature",
      "properties": {
        "Type": "BIKE LANE",
        "Status": "PROGRAMMED",
        "Notes": null,
        "Year": "2017",
        "OBJECTID_1": 12,
        "GlobalID": "{512E8C0B-04DF-4C2B-A6C4-867B600C32A8}",
        "Feet": 655.38603813999998,
        "Miles": 0.12412614,
        "ShapeSTLength": 655.38603813971849
      },
      "geometry": {
        "type": "LineString",
        "coordinates": [
          [-84.321489473576548, 33.949731356566346],
          [-84.321235710702624, 33.949816868446725],
          [-84.321229125388172, 33.949822373037591],
          [-84.321183002248603, 33.949847164389496],
          [-84.321156646065702, 33.949860938274128],
          [-84.321153353404299, 33.949863690567511],
          [-84.321146763115564, 33.949866446998826],
          [-84.319966924868922, 33.950266406152103],
          [-84.319495635956955, 33.950420889159254]
        ]
      }
    },
    {
      "type": "Feature",
      "properties": {
        "Type": "BIKE LANE",
        "Status": "EXISTING",
        "Notes": null,
        "Year": "2017",
        "OBJECTID_1": 13,
        "GlobalID": "{DBAC09BF-1BA8-4CC9-9C2D-9C45B9C33941}",
        "Feet": 680.75923576000002,
        "Miles": 0.12893167,
        "ShapeSTLength": 680.75923576378409
      },
      "geometry": {
        "type": "LineString",
        "coordinates": [
          [-84.319495635956955, 33.950420889159254],
          [-84.317412743365651, 33.951118743898441]
        ]
      }
    },
    {
      "type": "Feature",
      "properties": {
        "Type": "BIKE LANE",
        "Status": "PLANNED",
        "Notes": null,
        "Year": null,
        "OBJECTID_1": 14,
        "GlobalID": "{838C284C-90C8-4983-A848-5EB23122648B}",
        "Feet": 480.7927401,
        "Miles": 0.09105923,
        "ShapeSTLength": 480.792740105088
      },
      "geometry": {
        "type": "LineString",
        "coordinates": [
          [-84.317412743365651, 33.951118743898441],
          [-84.316885442456453, 33.951306263412562],
          [-84.316269058300435, 33.951469156410106],
          [-84.3159130277419, 33.951538292583159]
        ]
      }
    },
    {
      "type": "Feature",
      "properties": {
        "Type": "BIKE LANE",
        "Status": "PLANNED",
        "Notes": null,
        "Year": null,
        "OBJECTID_1": 15,
        "GlobalID": "{72EFD998-111A-4D95-BDA8-08A0881C101F}",
        "Feet": 415.25775656000002,
        "Miles": 0.0786473,
        "ShapeSTLength": 415.25775655349332
      },
      "geometry": {
        "type": "LineString",
        "coordinates": [
          [-84.3159130277419, 33.951538292583159],
          [-84.315688855425606, 33.951579786569212],
          [-84.314778924041462, 33.95171554459543],
          [-84.314567931998198, 33.951751524360347]
        ]
      }
    },
    {
      "type": "Feature",
      "properties": {
        "Type": "BIKE LANE",
        "Status": "PLANNED",
        "Notes": null,
        "Year": null,
        "OBJECTID_1": 16,
        "GlobalID": "{89BBE2D7-2DA5-4C01-AF3B-1F3AF3A75E4E}",
        "Feet": 181.62199475,
        "Miles": 0.03439811,
        "ShapeSTLength": 181.6219947524022
      },
      "geometry": {
        "type": "LineString",
        "coordinates": [
          [-84.314567931998198, 33.951751524360347],
          [-84.314393201337253, 33.951779215772298],
          [-84.314330582972687, 33.95180127618611],
          [-84.314284438858721, 33.95181507233179],
          [-84.314136093270292, 33.95184548079925],
          [-84.31399105583327, 33.951881380548919]
        ]
      }
    },
    {
      "type": "Feature",
      "properties": {
        "Type": "BIKE LANE",
        "Status": "PLANNED",
        "Notes": null,
        "Year": null,
        "OBJECTID_1": 17,
        "GlobalID": "{B5E2185C-B8D3-43D8-AC8C-641B2A301576}",
        "Feet": 688.81305813999995,
        "Miles": 0.13045702,
        "ShapeSTLength": 688.81305813437211
      },
      "geometry": {
        "type": "LineString",
        "coordinates": [
          [-84.31399105583327, 33.951881380548919],
          [-84.313694375722051, 33.951947691103058],
          [-84.313246088875815, 33.952066396608558],
          [-84.312735200484582, 33.952218152705868],
          [-84.312118885935391, 33.952430491729565],
          [-84.311861834805484, 33.952532477124116]
        ]
      }
    },
    {
      "type": "Feature",
      "properties": {
        "Type": "BIKE LANE",
        "Status": "PLANNED",
        "Notes": null,
        "Year": null,
        "OBJECTID_1": 18,
        "GlobalID": "{8F1C0853-77DA-4891-BCED-25FDDBEA61E6}",
        "Feet": 393.33584757,
        "Miles": 0.07449543,
        "ShapeSTLength": 393.33584756370612
      },
      "geometry": {
        "type": "LineString",
        "coordinates": [
          [-84.311861834805484, 33.952532477124116],
          [-84.31169045067162, 33.952590390519362],
          [-84.310962132841794, 33.952877055978142],
          [-84.310820402875649, 33.952921192595134],
          [-84.310672069089605, 33.952959840453289]
        ]
      }
    },
    {
      "type": "Feature",
      "properties": {
        "Type": "BIKE LANE",
        "Status": "PLANNED",
        "Notes": null,
        "Year": null,
        "OBJECTID_1": 19,
        "GlobalID": "{BF2DCBD1-5FCA-4E1E-ABD4-92813B17102A}",
        "Feet": 646.67123763999996,
        "Miles": 0.12247561,
        "ShapeSTLength": 646.67123764464486
      },
      "geometry": {
        "type": "LineString",
        "coordinates": [
          [-84.301466365405261, 33.958186283113179],
          [-84.300968930762579, 33.958541339297788],
          [-84.300247457085291, 33.959042290080717],
          [-84.299888348395768, 33.959281769931422],
          [-84.299845560124965, 33.959336779396246]
        ]
      }
    },
    {
      "type": "Feature",
      "properties": {
        "Type": "BIKE LANE",
        "Status": "PROGRAMMED",
        "Notes": null,
        "Year": null,
        "OBJECTID_1": 20,
        "GlobalID": "{1E064C5E-A24A-407F-9D63-DC08DE2286F6}",
        "Feet": 54.86861665,
        "Miles": 0.01039178,
        "ShapeSTLength": 54.868616656277361
      },
      "geometry": {
        "type": "LineString",
        "coordinates": [
          [-84.30679376243161, 33.934763185233507],
          [-84.306681703314254, 33.934788046226153],
          [-84.306622392418447, 33.934810099004608]
        ]
      }
    },
    {
      "type": "Feature",
      "properties": {
        "Type": "BIKE LANE",
        "Status": "COMPLETED",
        "Notes": null,
        "Year": "2011",
        "OBJECTID_1": 21,
        "GlobalID": "{62883E31-10F4-4991-86FE-BC2441325A03}",
        "Feet": 648.04162643999996,
        "Miles": 0.12273516,
        "ShapeSTLength": 648.04162644103769
      },
      "geometry": {
        "type": "LineString",
        "coordinates": [
          [-84.313807164639712, 33.929335602738554],
          [-84.313757787674746, 33.929379632462229],
          [-84.313655708424633, 33.92945120679375],
          [-84.31356018858483, 33.929503536019915],
          [-84.313283498611469, 33.929646770647679],
          [-84.313075938201095, 33.929729462723579],
          [-84.31275300983161, 33.929826033122332],
          [-84.31234432962529, 33.929903466052259],
          [-84.312219100409564, 33.929933844013526],
          [-84.31187310623676, 33.930038682975955]
        ]
      }
    },
    {
      "type": "Feature",
      "properties": {
        "Type": "BIKE LANE",
        "Status": "COMPLETED",
        "Notes": null,
        "Year": "2011",
        "OBJECTID_1": 22,
        "GlobalID": "{E63F8392-D07C-482E-BA9D-679200C28F97}",
        "Feet": 933.61090119000005,
        "Miles": 0.17682025,
        "ShapeSTLength": 933.61090119569792
      },
      "geometry": {
        "type": "LineString",
        "coordinates": [
          [-84.31187310623676, 33.930038682975955],
          [-84.311652337408461, 33.930110395542272],
          [-84.311477719734768, 33.930179305277882],
          [-84.311253703340924, 33.930281251726058],
          [-84.311059359390697, 33.930383162074392],
          [-84.310762940157375, 33.930562140377305],
          [-84.310519243306672, 33.930724568263322],
          [-84.310292051998417, 33.930900716363986],
          [-84.310127455941753, 33.931049309429739],
          [-84.309962886931004, 33.931214392164264],
          [-84.309551515617628, 33.931660074651703]
        ]
      }
    },
    {
      "type": "Feature",
      "properties": {
        "Type": "BIKE LANE",
        "Status": "COMPLETED",
        "Notes": null,
        "Year": "2011",
        "OBJECTID_1": 23,
        "GlobalID": "{E53C1CD0-115D-47BC-A0BA-23D15567FE40}",
        "Feet": 288.91624782000002,
        "Miles": 0.05471899,
        "ShapeSTLength": 288.91624782195879
      },
      "geometry": {
        "type": "LineString",
        "coordinates": [
          [-84.309551515617628, 33.931660074651703],
          [-84.309156615589401, 33.932100240340148],
          [-84.309067785637026, 33.932213018062114],
          [-84.309005303640234, 33.932309276245981]
        ]
      }
    },
    {
      "type": "Feature",
      "properties": {
        "Type": "BIKE LANE",
        "Status": "COMPLETED",
        "Notes": null,
        "Year": "2011",
        "OBJECTID_1": 24,
        "GlobalID": "{300231E0-DD68-41A8-B819-4378F7F6ADF8}",
        "Feet": 765.65918180999995,
        "Miles": 0.14501121,
        "ShapeSTLength": 765.6591818002471
      },
      "geometry": {
        "type": "LineString",
        "coordinates": [
          [-84.309005303640234, 33.932309276245981],
          [-84.308900079865793, 33.932477037088972],
          [-84.308860667089462, 33.932567772207506],
          [-84.308824601425272, 33.932688733314038],
          [-84.308752623891493, 33.93302409397571],
          [-84.308710018668734, 33.933178040618955],
          [-84.308641092087868, 33.933364995626917],
          [-84.308581960476019, 33.933494228649806],
          [-84.308555675650396, 33.933549222325837],
          [-84.308466893512175, 33.933692229397089],
          [-84.308387938375532, 33.933796750723559],
          [-84.308361621472528, 33.93383250811042],
          [-84.308167455837037, 33.934049836747711],
          [-84.308006156147172, 33.93420391946551]
        ]
      }
    },
    {
      "type": "Feature",
      "properties": {
        "Type": "BIKE LANE",
        "Status": "PROGRAMMED",
        "Notes": null,
        "Year": null,
        "OBJECTID_1": 25,
        "GlobalID": "{085F4D19-1DE3-4018-B25F-415DC1B23D9B}",
        "Feet": 424.9814215,
        "Miles": 0.08048891,
        "ShapeSTLength": 424.9814215018036
      },
      "geometry": {
        "type": "LineString",
        "coordinates": [
          [-84.308006156147172, 33.93420391946551],
          [-84.307821744918428, 33.934338792184249],
          [-84.30778880634702, 33.934358067121593],
          [-84.307551645302084, 33.934495747145242],
          [-84.307426466433611, 33.93456184635928],
          [-84.307409994801574, 33.934570109694178],
          [-84.30730126026495, 33.934611456463799],
          [-84.307103549502557, 33.934680386337199],
          [-84.306935476873591, 33.934727297685029],
          [-84.30679376243161, 33.934763185233507]
        ]
      }
    },
    {
      "type": "Feature",
      "properties": {
        "Type": "BIKE LANE",
        "Status": "EXISTING",
        "Notes": null,
        "Year": null,
        "OBJECTID_1": 26,
        "GlobalID": "{0D61B925-47C1-4832-8D79-6FD614969314}",
        "Feet": 1715.32956874,
        "Miles": 0.32487302,
        "ShapeSTLength": 1715.3295687371535
      },
      "geometry": {
        "type": "LineString",
        "coordinates": [
          [-84.306622392418447, 33.934810099004608],
          [-84.306184067595055, 33.934923271352858],
          [-84.306048936582812, 33.934953654246797],
          [-84.305732531039013, 33.935022716218796],
          [-84.305485330940257, 33.935072462194611],
          [-84.305264490312808, 33.935111185332055],
          [-84.304915071860592, 33.935155548840029],
          [-84.304545858452812, 33.935191689919428],
          [-84.304262340821438, 33.935211244246325],
          [-84.303774413810601, 33.935236522037023],
          [-84.302805148665485, 33.935284316365426],
          [-84.302409565955713, 33.935325975627961],
          [-84.302020615050651, 33.935392359848429],
          [-84.301068082905388, 33.935599515895042]
        ]
      }
    },
    {
      "type": "Feature",
      "properties": {
        "Type": "BIKE LANE",
        "Status": "EXISTING",
        "Notes": null,
        "Year": null,
        "OBJECTID_1": 27,
        "GlobalID": "{D1B590CB-067F-4768-BFF1-450ED702429E}",
        "Feet": 282.07251815000001,
        "Miles": 0.05342283,
        "ShapeSTLength": 282.07251814545725
      },
      "geometry": {
        "type": "LineString",
        "coordinates": [
          [-84.301068082905388, 33.935599515895042],
          [-84.3001649692185, 33.935784626555616]
        ]
      }
    },
    {
      "type": "Feature",
      "properties": {
        "Type": "BIKE LANE",
        "Status": "EXISTING",
        "Notes": null,
        "Year": null,
        "OBJECTID_1": 28,
        "GlobalID": "{28BE7648-74A6-44C3-8C90-4FA8F1897F48}",
        "Feet": 417.00974006000001,
        "Miles": 0.07897912,
        "ShapeSTLength": 417.00974006373815
      },
      "geometry": {
        "type": "LineString",
        "coordinates": [
          [-84.3001649692185, 33.935784626555616],
          [-84.298793500710431, 33.935865802745106]
        ]
      }
    },
    {
      "type": "Feature",
      "properties": {
        "Type": "BIKE LANE",
        "Status": "EXISTING",
        "Notes": null,
        "Year": null,
        "OBJECTID_1": 29,
        "GlobalID": "{17FEBA91-A07C-41F6-8DE5-E6529341475C}",
        "Feet": 876.00902075,
        "Miles": 0.1659108,
        "ShapeSTLength": 876.00902075378883
      },
      "geometry": {
        "type": "LineString",
        "coordinates": [
          [-84.298793500710431, 33.935865802745106],
          [-84.295905260333939, 33.935879860789136]
        ]
      }
    },
    {
      "type": "Feature",
      "properties": {
        "Type": "BIKE LANE",
        "Status": "EXISTING",
        "Notes": null,
        "Year": null,
        "OBJECTID_1": 30,
        "GlobalID": "{8373F74B-6EDB-4146-A4CF-918D55C67BF7}",
        "Feet": 567.225882,
        "Miles": 0.10742914,
        "ShapeSTLength": 567.22588199592656
      },
      "geometry": {
        "type": "LineString",
        "coordinates": [
          [-84.295905260333939, 33.935879860789136],
          [-84.294102139095315, 33.935839331063939],
          [-84.294035739561252, 33.935837838143051]
        ]
      }
    },
    {
      "type": "Feature",
      "properties": {
        "Type": "BIKE LANE",
        "Status": "PROGRAMMED",
        "Notes": null,
        "Year": null,
        "OBJECTID_1": 31,
        "GlobalID": "{1386263B-8B94-481F-A4D8-1551A571FADB}",
        "Feet": 479.92561237000001,
        "Miles": 0.090895,
        "ShapeSTLength": 479.92561236219444
      },
      "geometry": {
        "type": "LineString",
        "coordinates": [
          [-84.31553137150334, 33.926994078374719],
          [-84.315050459272129, 33.927654974662182],
          [-84.314737802264403, 33.928134688730424]
        ]
      }
    },
    {
      "type": "Feature",
      "properties": {
        "Type": "BIKE LANE",
        "Status": "PLANNED",
        "Notes": null,
        "Year": null,
        "OBJECTID_1": 32,
        "GlobalID": "{2F27E7CA-EBF7-4F40-B65C-1CD5D923106A}",
        "Feet": 271.24823500999997,
        "Miles": 0.05137277,
        "ShapeSTLength": 271.24823501071768
      },
      "geometry": {
        "type": "LineString",
        "coordinates": [
          [-84.313807164639712, 33.929335602738554],
          [-84.314005348690685, 33.929552471269119],
          [-84.314335698283998, 33.929936820362947]
        ]
      }
    },
    {
      "type": "Feature",
      "properties": {
        "Type": "BIKE LANE",
        "Status": "PLANNED",
        "Notes": null,
        "Year": null,
        "OBJECTID_1": 33,
        "GlobalID": "{AABA9A84-B135-4279-BADD-FAD0840F8F64}",
        "Feet": 407.21721165000002,
        "Miles": 0.07712447,
        "ShapeSTLength": 407.21721165052793
      },
      "geometry": {
        "type": "LineString",
        "coordinates": [
          [-84.314335698283998, 33.929936820362947],
          [-84.314728796089909, 33.930381552859714],
          [-84.314847726391676, 33.930521566490391],
          [-84.314950091677687, 33.930614881056492],
          [-84.315039260099226, 33.930702715998642],
          [-84.315164737448924, 33.930815239724041]
        ]
      }
    },
    {
      "type": "Feature",
      "properties": {
        "Type": "BIKE LANE",
        "Status": "EXISTING",
        "Notes": null,
        "Year": null,
        "OBJECTID_1": 34,
        "GlobalID": "{416096E3-9830-4C06-B241-1C4E14DED0CC}",
        "Feet": 808.03063976,
        "Miles": 0.15303611,
        "ShapeSTLength": 808.03063976166879
      },
      "geometry": {
        "type": "LineString",
        "coordinates": [
          [-84.346622220724257, 33.962963908448536],
          [-84.346605993059342, 33.963086255687358],
          [-84.34660961524682, 33.963240147019967],
          [-84.346633338845223, 33.963542410173055],
          [-84.346637557243156, 33.963979361361346],
          [-84.346637968176793, 33.96417447967049],
          [-84.346646688793129, 33.96518304101712]
        ]
      }
    },
    {
      "type": "Feature",
      "properties": {
        "Type": "BIKE LANE",
        "Status": "PROGRAMMED",
        "Notes": null,
        "Year": null,
        "OBJECTID_1": 35,
        "GlobalID": "{AF26D9BE-E1D2-4B79-8385-4A49EE7A6466}",
        "Feet": 236.4567034,
        "Miles": 0.04478347,
        "ShapeSTLength": 236.45670340043702
      },
      "geometry": {
        "type": "LineString",
        "coordinates": [
          [-84.305607167293232, 33.955271372127193],
          [-84.305396323122451, 33.955406269749531],
          [-84.305172323598356, 33.955563167989609],
          [-84.305009380294607, 33.955688027321258]
        ]
      }
    },
    {
      "type": "Feature",
      "properties": {
        "Type": "BIKE LANE",
        "Status": null,
        "Notes": null,
        "Year": null,
        "OBJECTID_1": 36,
        "GlobalID": "{49798881-A52E-4D22-9C34-9A4D0E8F7BEC}",
        "Feet": 666.51937127999997,
        "Miles": 0.12623473,
        "ShapeSTLength": 666.51937127970587
      },
      "geometry": {
        "type": "LineString",
        "coordinates": [
          [-84.336863150301127, 33.952642628603833],
          [-84.337011050325714, 33.952843766371551],
          [-84.337136676779451, 33.953000237542625],
          [-84.338233681356726, 33.954070498185828]
        ]
      }
    },
    {
      "type": "Feature",
      "properties": {
        "Type": "BIKE LANE",
        "Status": null,
        "Notes": null,
        "Year": null,
        "OBJECTID_1": 37,
        "GlobalID": "{A534F525-F2EC-41CB-BC06-008D99BFF33A}",
        "Feet": 415.99065985,
        "Miles": 0.07878611,
        "ShapeSTLength": 415.99065985007684
      },
      "geometry": {
        "type": "LineString",
        "coordinates": [
          [-84.338254139754525, 33.954089229820376],
          [-84.339158838200021, 33.95494861687213]
        ]
      }
    },
    {
      "type": "Feature",
      "properties": {
        "Type": "BIKE LANE",
        "Status": null,
        "Notes": null,
        "Year": null,
        "OBJECTID_1": 38,
        "GlobalID": "{3EF530E3-2FD9-44EE-91C7-55EA8A9644B3}",
        "Feet": 469.85483266,
        "Miles": 0.08898766,
        "ShapeSTLength": 469.85483266162572
      },
      "geometry": {
        "type": "LineString",
        "coordinates": [
          [-84.339158838200021, 33.95494861687213],
          [-84.340027877007117, 33.95579108234439],
          [-84.34016008115475, 33.95593380118779]
        ]
      }
    },
    {
      "type": "Feature",
      "properties": {
        "Type": "BIKE LANE",
        "Status": null,
        "Notes": null,
        "Year": null,
        "OBJECTID_1": 39,
        "GlobalID": "{A3DC6CCD-B298-4087-95AA-D4A99C83D788}",
        "Feet": 485.62379923999998,
        "Miles": 0.0919742,
        "ShapeSTLength": 485.62379923736671
      },
      "geometry": {
        "type": "LineString",
        "coordinates": [
          [-84.34016008115475, 33.95593380118779],
          [-84.340246021865156, 33.956029865549482],
          [-84.340791474494566, 33.956669416779064],
          [-84.340989874509745, 33.956927463653216],
          [-84.341079119579689, 33.957026270891973]
        ]
      }
    },
    {
      "type": "Feature",
      "properties": {
        "Type": "BIKE LANE",
        "Status": null,
        "Notes": null,
        "Year": null,
        "OBJECTID_1": 40,
        "GlobalID": "{A86E1FFC-E1D9-4CED-8CB1-254D9AAED626}",
        "Feet": 326.08316478,
        "Miles": 0.06175818,
        "ShapeSTLength": 326.08316477371881
      },
      "geometry": {
        "type": "LineString",
        "coordinates": [
          [-84.341079119579689, 33.957026270891973],
          [-84.341284056440202, 33.95725407828477],
          [-84.341449289050232, 33.957418733198402],
          [-84.341601263118051, 33.957550428845515],
          [-84.341792835281481, 33.957693061500002]
        ]
      }
    },
    {
      "type": "Feature",
      "properties": {
        "Type": "BIKE LANE",
        "Status": null,
        "Notes": null,
        "Year": null,
        "OBJECTID_1": 41,
        "GlobalID": "{9F7C4760-6CF4-4213-B29E-89AE0D3146AA}",
        "Feet": 227.04354314,
        "Miles": 0.04300067,
        "ShapeSTLength": 227.04354314522561
      },
      "geometry": {
        "type": "LineString",
        "coordinates": [
          [-84.341792835281481, 33.957693061500002],
          [-84.34194477199955, 33.957805519671503],
          [-84.34236420898084, 33.958096226305535]
        ]
      }
    },
    {
      "type": "Feature",
      "properties": {
        "Type": "BIKE LANE",
        "Status": "PROGRAMMED",
        "Notes": null,
        "Year": null,
        "OBJECTID_1": 42,
        "GlobalID": "{8BFCF77A-5174-4C89-A4F2-27B731E7EC50}",
        "Feet": 135.53532124,
        "Miles": 0.02566957,
        "ShapeSTLength": 135.53532124038651
      },
      "geometry": {
        "type": "LineString",
        "coordinates": [
          [-84.30771599210874, 33.954180700738355],
          [-84.307306385959734, 33.954329781914744]
        ]
      }
    },
    {
      "type": "Feature",
      "properties": {
        "Type": "BIKE LANE",
        "Status": "PROGRAMMED",
        "Notes": null,
        "Year": null,
        "OBJECTID_1": 43,
        "GlobalID": "{E91FE7FE-9E0D-4DED-9472-A7814E797C77}",
        "Feet": 266.74897549000002,
        "Miles": 0.05052064,
        "ShapeSTLength": 266.74897549350823
      },
      "geometry": {
        "type": "LineString",
        "coordinates": [
          [-84.306305449889507, 33.954825513557225],
          [-84.305607167293232, 33.955271372127193]
        ]
      }
    },
    {
      "type": "Feature",
      "properties": {
        "Type": "BIKE LANE",
        "Status": "PROGRAMMED",
        "Notes": null,
        "Year": null,
        "OBJECTID_1": 44,
        "GlobalID": "{7171EB14-62F2-4CAE-8CF5-8612666E6967}",
        "Feet": 1002.0835684800001,
        "Miles": 0.18978855,
        "ShapeSTLength": 1002.0835684832157
      },
      "geometry": {
        "type": "LineString",
        "coordinates": [
          [-84.310672069089605, 33.952959840453289],
          [-84.310612783661625, 33.953003880359134],
          [-84.310563368298233, 33.953034167896973],
          [-84.310131652387525, 33.953207806792783],
          [-84.309409919580247, 33.953494454477962],
          [-84.308256431100148, 33.953938241319108],
          [-84.308124636807008, 33.954009845002105],
          [-84.30771599210874, 33.954180700738355]
        ]
      }
    },
    {
      "type": "Feature",
      "properties": {
        "Type": "BIKE LANE",
        "Status": "PROGRAMMED",
        "Notes": null,
        "Year": null,
        "OBJECTID_1": 45,
        "GlobalID": "{6EC9170B-E86D-41C3-9723-C8B957681608}",
        "Feet": 211.03006955000001,
        "Miles": 0.03996782,
        "ShapeSTLength": 211.03006955430337
      },
      "geometry": {
        "type": "LineString",
        "coordinates": [
          [-84.305009380294607, 33.955688027321258],
          [-84.304497096468324, 33.956080580767924]
        ]
      }
    },
    {
      "type": "Feature",
      "properties": {
        "Type": "BIKE LANE",
        "Status": "PLANNED",
        "Notes": null,
        "Year": null,
        "OBJECTID_1": 46,
        "GlobalID": "{E8C4F4EB-4D96-4264-B65B-D08783558F49}",
        "Feet": 223.89284678000001,
        "Miles": 0.04240395,
        "ShapeSTLength": 223.89284677422756
      },
      "geometry": {
        "type": "LineString",
        "coordinates": [
          [-84.304497096468324, 33.956080580767924],
          [-84.303943706527207, 33.956487927629361]
        ]
      }
    },
    {
      "type": "Feature",
      "properties": {
        "Type": "BIKE LANE",
        "Status": "PLANNED",
        "Notes": null,
        "Year": null,
        "OBJECTID_1": 47,
        "GlobalID": "{0507122B-B568-4166-A246-353888191F17}",
        "Feet": 496.65049659,
        "Miles": 0.09406259,
        "ShapeSTLength": 496.65049659478689
      },
      "geometry": {
        "type": "LineString",
        "coordinates": [
          [-84.303943706527207, 33.956487927629361],
          [-84.303808646476355, 33.956584263746606],
          [-84.303614308792532, 33.956732880700507],
          [-84.303232182221421, 33.957002625726126],
          [-84.30285333034044, 33.957258624237831],
          [-84.302685297402164, 33.957360492808689]
        ]
      }
    },
    {
      "type": "Feature",
      "properties": {
        "Type": "BIKE LANE",
        "Status": "PLANNED",
        "Notes": null,
        "Year": null,
        "OBJECTID_1": 48,
        "GlobalID": "{55E1C728-3ECF-4D2A-A795-50F46ABB08E8}",
        "Feet": 476.91739941999998,
        "Miles": 0.09032527,
        "ShapeSTLength": 476.91739941808578
      },
      "geometry": {
        "type": "LineString",
        "coordinates": [
          [-84.302685297402164, 33.957360492808689],
          [-84.302517260775744, 33.957459612092599],
          [-84.30203955706493, 33.95777342937798],
          [-84.3019407277488, 33.957842241994051],
          [-84.301838635101731, 33.957933043383036],
          [-84.301466365405261, 33.958186283113179]
        ]
      }
    },
    {
      "type": "Feature",
      "properties": {
        "Type": "BIKE LANE",
        "Status": "COMPLETED",
        "Notes": null,
        "Year": null,
        "OBJECTID_1": 49,
        "GlobalID": "{A12E0436-B62C-4627-93EF-0F5713816815}",
        "Feet": 420.59417243000001,
        "Miles": 0.07965799,
        "ShapeSTLength": 420.59417243464935
      },
      "geometry": {
        "type": "LineString",
        "coordinates": [
          [-84.29481345531218, 33.933369169702715],
          [-84.29485740116381, 33.934130715010255],
          [-84.294855736659954, 33.934135204157784],
          [-84.294846134312621, 33.934201575055475],
          [-84.294809775720069, 33.934430247436815],
          [-84.294795397900373, 33.934520674287583]
        ]
      }
    },
    {
      "type": "Feature",
      "properties": {
        "Type": "BIKE LANE",
        "Status": "COMPLETED",
        "Notes": null,
        "Year": null,
        "OBJECTID_1": 50,
        "GlobalID": "{16AE0808-4444-44DF-82DD-7739F243FD56}",
        "Feet": 534.28025366999998,
        "Miles": 0.10118944,
        "ShapeSTLength": 534.28025366830104
      },
      "geometry": {
        "type": "LineString",
        "coordinates": [
          [-84.294795397900373, 33.934520674287583],
          [-84.294611428457856, 33.934966069913024],
          [-84.294346789440297, 33.935312460644809],
          [-84.294290650456702, 33.935384237220852],
          [-84.294035739561252, 33.935837838143051]
        ]
      }
    },
    {
      "type": "Feature",
      "properties": {
        "Type": "BIKE LANE",
        "Status": "COMPLETED",
        "Notes": null,
        "Year": null,
        "OBJECTID_1": 51,
        "GlobalID": "{9DB08130-FD59-4F2E-8B1E-EDC0A436EFD8}",
        "Feet": 314.49946738,
        "Miles": 0.05956429,
        "ShapeSTLength": 314.49946737867606
      },
      "geometry": {
        "type": "LineString",
        "coordinates": [
          [-84.294035739561252, 33.935837838143051],
          [-84.293963861990704, 33.936280368544153],
          [-84.293962138920293, 33.936549414948892],
          [-84.293961186487522, 33.936698093833002]
        ]
      }
    },
    {
      "type": "Feature",
      "properties": {
        "Type": "BIKE LANE",
        "Status": null,
        "Notes": null,
        "Year": null,
        "OBJECTID_1": 52,
        "GlobalID": "{8D238777-9782-45EB-AF40-A47DFB9FDF28}",
        "Feet": 593.6348401,
        "Miles": 0.11243084,
        "ShapeSTLength": 593.6348400961582
      },
      "geometry": {
        "type": "LineString",
        "coordinates": [
          [-84.345482783051366, 33.960631036878787],
          [-84.345542343304089, 33.96072438761675],
          [-84.345621819641778, 33.960878169685479],
          [-84.345750961782741, 33.96112531581835],
          [-84.345750967541392, 33.96112806396502],
          [-84.34575427711637, 33.961133555459817],
          [-84.345760936580405, 33.96116377547559],
          [-84.345774238244502, 33.961215971065762],
          [-84.345777547824397, 33.961221462559841],
          [-84.345817297383363, 33.961303850262361],
          [-84.346231306073193, 33.9621359387734]
        ]
      }
    },
    {
      "type": "Feature",
      "properties": {
        "Type": "BIKE ROUTE",
        "Status": "PROGRAMMED",
        "Notes": null,
        "Year": null,
        "OBJECTID_1": 53,
        "GlobalID": "{7D73BE06-357E-46F0-8243-8C250745DB9C}",
        "Feet": 210.23948234,
        "Miles": 0.03981808,
        "ShapeSTLength": 210.2394823386212
      },
      "geometry": {
        "type": "LineString",
        "coordinates": [
          [-84.314744441820977, 33.920428126236047],
          [-84.314724842319606, 33.920474375578813],
          [-84.314619752414444, 33.920705348550747],
          [-84.314494964153056, 33.920967129495487]
        ]
      }
    },
    {
      "type": "Feature",
      "properties": {
        "Type": "BIKE LANE",
        "Status": "PROGRAMMED",
        "Notes": null,
        "Year": null,
        "OBJECTID_1": 54,
        "GlobalID": "{B0C4FA70-7074-4093-867E-2FB9AA1D8590}",
        "Feet": 353.07265819000003,
        "Miles": 0.06686982,
        "ShapeSTLength": 353.07265819395286
      },
      "geometry": {
        "type": "LineString",
        "coordinates": [
          [-84.307306385959734, 33.954329781914744],
          [-84.306305449889507, 33.954825513557225]
        ]
      }
    },
    {
      "type": "Feature",
      "properties": {
        "Type": "BIKE LANE",
        "Status": "COMPLETED",
        "Notes": null,
        "Year": "2016",
        "OBJECTID_1": 57,
        "GlobalID": "{D8A379A7-E59A-4FFA-AA22-308DF790E13D}",
        "Feet": 368.54570367000002,
        "Miles": 0.06980032,
        "ShapeSTLength": 368.54570367551764
      },
      "geometry": {
        "type": "LineString",
        "coordinates": [
          [-84.336408609300008, 33.950049714534998],
          [-84.336578781967049, 33.951052560079745]
        ]
      }
    },
    {
      "type": "Feature",
      "properties": {
        "Type": "BIKE LANE",
        "Status": "COMPLETED",
        "Notes": null,
        "Year": "2016",
        "OBJECTID_1": 58,
        "GlobalID": "{5AA59A1D-27E9-44EE-AAD7-8CAD9BD2F8E7}",
        "Feet": 584.99006010999994,
        "Miles": 0.11079357,
        "ShapeSTLength": 584.99006011195434
      },
      "geometry": {
        "type": "LineString",
        "coordinates": [
          [-84.336578781967049, 33.951052560079745],
          [-84.336829298246471, 33.95243693672321],
          [-84.336863150301127, 33.952642628603833]
        ]
      }
    },
    {
      "type": "Feature",
      "properties": {
        "Type": "BIKE ROUTE",
        "Status": "PROGRAMMED",
        "Notes": null,
        "Year": null,
        "OBJECTID_1": 59,
        "GlobalID": "{FBFEC4F2-3EB7-4F8F-B92C-17AE896A6A18}",
        "Feet": 1135.9010604299999,
        "Miles": 0.21513278,
        "ShapeSTLength": 1135.9010604370192
      },
      "geometry": {
        "type": "LineString",
        "coordinates": [
          [-84.314494964153056, 33.920967129495487],
          [-84.314337443124472, 33.92139548099356],
          [-84.314304657949734, 33.921499950927149],
          [-84.314265379141133, 33.921662141195064],
          [-84.314255622205266, 33.921739101767912],
          [-84.314242563966545, 33.921813318120776],
          [-84.314229666799122, 33.921980972200437],
          [-84.314226668739707, 33.922154111663687],
          [-84.314236809551545, 33.922299752737381],
          [-84.314273498334714, 33.922547045327406],
          [-84.31433652207599, 33.922772320029722],
          [-84.314803453462787, 33.923991951003629]
        ]
      }
    },
    {
      "type": "Feature",
      "properties": {
        "Type": "BIKE ROUTE",
        "Status": "PROGRAMMED",
        "Notes": null,
        "Year": null,
        "OBJECTID_1": 60,
        "GlobalID": "{800137F5-B7F4-4F28-8D68-A6331360CDDB}",
        "Feet": 739.67599012999995,
        "Miles": 0.14009015,
        "ShapeSTLength": 739.6759901221136
      },
      "geometry": {
        "type": "LineString",
        "coordinates": [
          [-84.314803453462787, 33.923991951003629],
          [-84.314998816811482, 33.924489136085121],
          [-84.315051753807012, 33.924598999231506],
          [-84.315114576147124, 33.924706102264501],
          [-84.315253389963644, 33.924909300549999],
          [-84.315332724780134, 33.925032872577873],
          [-84.315431830325295, 33.925150924324967],
          [-84.315649846266368, 33.925400745378553],
          [-84.315768780694114, 33.925546254581015],
          [-84.315811753700928, 33.925612158683613],
          [-84.315834888035567, 33.925645108733029],
          [-84.315851433787657, 33.925680814931994],
          [-84.315901075921033, 33.925790682582345]
        ]
      }
    },
    {
      "type": "Feature",
      "properties": {
        "Type": "BIKE LANE",
        "Status": "PLANNED",
        "Notes": null,
        "Year": null,
        "OBJECTID_1": 61,
        "GlobalID": "{87562DBB-1316-45E0-A3A6-8173E4A23644}",
        "Feet": 336.97038754,
        "Miles": 0.06382015,
        "ShapeSTLength": 336.9703875361256
      },
      "geometry": {
        "type": "LineString",
        "coordinates": [
          [-84.315164737448924, 33.930815239724041],
          [-84.31535621625541, 33.930963409852275],
          [-84.315471746338545, 33.931042967229182],
          [-84.315550948509113, 33.931086842214448],
          [-84.315890947701945, 33.931325522350605],
          [-84.316019666435565, 33.931405063224119]
        ]
      }
    },
    {
      "type": "Feature",
      "properties": {
        "Type": "BIKE LANE",
        "Status": "PLANNED",
        "Notes": null,
        "Year": null,
        "OBJECTID_1": 62,
        "GlobalID": "{8132D640-B315-4960-A499-A3620589428D}",
        "Feet": 283.21182826,
        "Miles": 0.0536386,
        "ShapeSTLength": 283.21182825260274
      },
      "geometry": {
        "type": "LineString",
        "coordinates": [
          [-84.316019666435565, 33.931405063224119],
          [-84.316762302888677, 33.931876846349219]
        ]
      }
    },
    {
      "type": "Feature",
      "properties": {
        "Type": "BIKE LANE",
        "Status": "COMPLETED",
        "Notes": null,
        "Year": "2016",
        "OBJECTID_1": 63,
        "GlobalID": "{EC7047AD-4AA2-44ED-8DD1-59C1ADFE2B8C}",
        "Feet": 214.84880023,
        "Miles": 0.04069106,
        "ShapeSTLength": 214.84880023096096
      },
      "geometry": {
        "type": "LineString",
        "coordinates": [
          [-84.319148362218058, 33.933204031417915],
          [-84.319768707958673, 33.933489072127273]
        ]
      }
    },
    {
      "type": "Feature",
      "properties": {
        "Type": "BIKE LANE",
        "Status": "COMPLETED",
        "Notes": null,
        "Year": "2016",
        "OBJECTID_1": 64,
        "GlobalID": "{0FD7824E-5BB2-4B6E-99B5-06D62F944A91}",
        "Feet": 465.06858559,
        "Miles": 0.08808117,
        "ShapeSTLength": 465.06858558613749
      },
      "geometry": {
        "type": "LineString",
        "coordinates": [
          [-84.319768707958673, 33.933489072127273],
          [-84.319973294069598, 33.933585003487771],
          [-84.320164703568466, 33.933686447269892],
          [-84.320540907969885, 33.933878350427918],
          [-84.320765333494691, 33.934004485523161],
          [-84.321052501176354, 33.934185504923377]
        ]
      }
    },
    {
      "type": "Feature",
      "properties": {
        "Type": "BIKE LANE",
        "Status": "COMPLETED",
        "Notes": null,
        "Year": "2016",
        "OBJECTID_1": 65,
        "GlobalID": "{47984D61-DC10-4E38-949E-17E17A5EAA82}",
        "Feet": 473.00129231,
        "Miles": 0.08958358,
        "ShapeSTLength": 473.00129231524579
      },
      "geometry": {
        "type": "LineString",
        "coordinates": [
          [-84.321052501176354, 33.934185504923377],
          [-84.322303490847915, 33.934961663464229]
        ]
      }
    },
    {
      "type": "Feature",
      "properties": {
        "Type": "BIKE LANE",
        "Status": "COMPLETED",
        "Notes": null,
        "Year": "2016",
        "OBJECTID_1": 66,
        "GlobalID": "{4BBABF98-BDD3-4726-B201-4AC8AD5E3C56}",
        "Feet": 385.14145692,
        "Miles": 0.07294346,
        "ShapeSTLength": 385.14145692229528
      },
      "geometry": {
        "type": "LineString",
        "coordinates": [
          [-84.322303490847915, 33.934961663464229],
          [-84.322716098622337, 33.935222218098488],
          [-84.322818397847698, 33.935271555429821],
          [-84.323046157588095, 33.935414171106636],
          [-84.323316854468047, 33.935597954254526]
        ]
      }
    },
    {
      "type": "Feature",
      "properties": {
        "Type": "BIKE LANE",
        "Status": "COMPLETED",
        "Notes": null,
        "Year": "2016",
        "OBJECTID_1": 67,
        "GlobalID": "{68A2B1D5-7BC4-445F-9AA3-5F142F0CDA75}",
        "Feet": 485.31884366999998,
        "Miles": 0.09191645,
        "ShapeSTLength": 485.31884367382048
      },
      "geometry": {
        "type": "LineString",
        "coordinates": [
          [-84.323316854468047, 33.935597954254526],
          [-84.32355781935776, 33.935748797578455],
          [-84.324026587501038, 33.936064239553026],
          [-84.324551531643692, 33.936445562813468]
        ]
      }
    },
    {
      "type": "Feature",
      "properties": {
        "Type": "BIKE LANE",
        "Status": "COMPLETED",
        "Notes": null,
        "Year": "2016",
        "OBJECTID_1": 68,
        "GlobalID": "{628BADF1-9765-4537-A823-7D85B93C3B5B}",
        "Feet": 868.17988663999995,
        "Miles": 0.16442801,
        "ShapeSTLength": 868.17988663446351
      },
      "geometry": {
        "type": "LineString",
        "coordinates": [
          [-84.324551531643692, 33.936445562813468],
          [-84.324657191407752, 33.936527873201783],
          [-84.324739730938504, 33.936588226943108],
          [-84.324914767798532, 33.936744647631656],
          [-84.325162394086121, 33.936928456318164],
          [-84.325258143261451, 33.936999786271642],
          [-84.325310968702553, 33.937038192557367],
          [-84.325314270931315, 33.937040936469472],
          [-84.325320870292373, 33.937043676133158],
          [-84.325363778895721, 33.937068354339118],
          [-84.325409979557833, 33.937090280118923],
          [-84.325426485629166, 33.937101251504956],
          [-84.325555263819197, 33.937202767566703],
          [-84.325703844523346, 33.937315250582657],
          [-84.325958108316954, 33.937521035307952],
          [-84.325997735548611, 33.937553962035388],
          [-84.326215686949993, 33.937735058802083],
          [-84.32623219837545, 33.937748778238159],
          [-84.326301587450033, 33.937828385123773],
          [-84.3263081920323, 33.937833872893755],
          [-84.326311494323747, 33.93783661677859],
          [-84.326608727116962, 33.938097307745174]
        ]
      }
    },
    {
      "type": "Feature",
      "properties": {
        "Type": "BIKE LANE",
        "Status": "COMPLETED",
        "Notes": null,
        "Year": "2016",
        "OBJECTID_1": 69,
        "GlobalID": "{84E23826-8E10-4A60-A21B-DDF3946DE1E5}",
        "Feet": 358.67989388000001,
        "Miles": 0.0679318,
        "ShapeSTLength": 358.67989388394125
      },
      "geometry": {
        "type": "LineString",
        "coordinates": [
          [-84.326608727116962, 33.938097307745174],
          [-84.327130532096504, 33.938550077145514],
          [-84.327421181712864, 33.938813522857984]
        ]
      }
    },
    {
      "type": "Feature",
      "properties": {
        "Type": "BIKE LANE",
        "Status": "COMPLETED",
        "Notes": null,
        "Year": "2016",
        "OBJECTID_1": 70,
        "GlobalID": "{3294BF1C-8941-4936-8D2C-14B019062C03}",
        "Feet": 131.33114258000001,
        "Miles": 0.02487332,
        "ShapeSTLength": 131.33114257605689
      },
      "geometry": {
        "type": "LineString",
        "coordinates": [
          [-84.327421181712864, 33.938813522857984],
          [-84.327479036431711, 33.938858960652134],
          [-84.327719896570841, 33.939074658166334]
        ]
      }
    },
    {
      "type": "Feature",
      "properties": {
        "Type": "BIKE LANE",
        "Status": "COMPLETED",
        "Notes": null,
        "Year": "2016",
        "OBJECTID_1": 71,
        "GlobalID": "{F945ACEA-5F70-4CE2-B9E4-57840E18E433}",
        "Feet": 494.83049885000003,
        "Miles": 0.0937179,
        "ShapeSTLength": 494.83049884759049
      },
      "geometry": {
        "type": "LineString",
        "coordinates": [
          [-84.327719896570841, 33.939074658166334],
          [-84.328672135846659, 33.93996099247741],
          [-84.328801842045294, 33.940092359505165]
        ]
      }
    },
    {
      "type": "Feature",
      "properties": {
        "Type": "BIKE LANE",
        "Status": "COMPLETED",
        "Notes": null,
        "Year": "2016",
        "OBJECTID_1": 72,
        "GlobalID": "{6270447F-07F2-45A7-8CDF-45B4F65FCC20}",
        "Feet": 457.98345424000001,
        "Miles": 0.08673929,
        "ShapeSTLength": 457.98345423854539
      },
      "geometry": {
        "type": "LineString",
        "coordinates": [
          [-84.328801842045294, 33.940092359505165],
          [-84.329247837824695, 33.940547967718913],
          [-84.329723677417448, 33.941088728768378]
        ]
      }
    },
    {
      "type": "Feature",
      "properties": {
        "Type": "BIKE LANE",
        "Status": "COMPLETED",
        "Notes": null,
        "Year": "2016",
        "OBJECTID_1": 73,
        "GlobalID": "{7A4B031F-870E-4430-84EC-5E0ABB7E7C17}",
        "Feet": 456.5052052,
        "Miles": 0.08645932,
        "ShapeSTLength": 456.50520519305803
      },
      "geometry": {
        "type": "LineString",
        "coordinates": [
          [-84.329723677417448, 33.941088728768378],
          [-84.330602712277411, 33.942107132343537]
        ]
      }
    },
    {
      "type": "Feature",
      "properties": {
        "Type": "BIKE LANE",
        "Status": "COMPLETED",
        "Notes": null,
        "Year": "2016",
        "OBJECTID_1": 74,
        "GlobalID": "{90B74A56-BD30-4C7B-B89D-81EAFE776B53}",
        "Feet": 608.51832051999997,
        "Miles": 0.11524968,
        "ShapeSTLength": 608.518320524258
      },
      "geometry": {
        "type": "LineString",
        "coordinates": [
          [-84.330602712277411, 33.942107132343537],
          [-84.330695253517916, 33.942219683826536],
          [-84.33084396576281, 33.942392620862513],
          [-84.330959685132143, 33.942554608185517],
          [-84.331078727624643, 33.942730331777469],
          [-84.331181283823412, 33.942906078180549],
          [-84.331303635207476, 33.943087293449757],
          [-84.331386323381139, 33.943219094714266],
          [-84.331459072029531, 33.943326176652135],
          [-84.331599085127493, 33.943500557971994],
          [-84.331630950004538, 33.943540303244887]
        ]
      }
    },
    {
      "type": "Feature",
      "properties": {
        "Type": "BIKE LANE",
        "Status": null,
        "Notes": null,
        "Year": null,
        "OBJECTID_1": 76,
        "GlobalID": "{93EFACC7-34B0-45AC-B170-D3252243EE06}",
        "Feet": 424.31264058,
        "Miles": 0.08036224,
        "ShapeSTLength": 424.31264058018326
      },
      "geometry": {
        "type": "LineString",
        "coordinates": [
          [-84.34236420898084, 33.958096226305535],
          [-84.342935564316676, 33.958488396725507],
          [-84.343061068142191, 33.958576158843613],
          [-84.34320635432428, 33.958661143403653],
          [-84.343318649774901, 33.95874067882832],
          [-84.343388020699749, 33.958795542377167],
          [-84.34344417249568, 33.958836684090684]
        ]
      }
    },
    {
      "type": "Feature",
      "properties": {
        "Type": "BIKE ROUTE",
        "Status": null,
        "Notes": "Width suitable for lane.",
        "Year": null,
        "OBJECTID_1": 77,
        "GlobalID": "{33D267C3-AFA8-4313-8361-55E6B9A49A6F}",
        "Feet": 561.07106766000004,
        "Miles": 0.10626346,
        "ShapeSTLength": 561.07106765491494
      },
      "geometry": {
        "type": "LineString",
        "coordinates": [
          [-84.34344417249568, 33.958836684090684],
          [-84.34379750516122, 33.959053281380726],
          [-84.344035297120996, 33.959215080168278],
          [-84.344633091640517, 33.959626441600584],
          [-84.344880819822805, 33.959807461457309]
        ]
      }
    },
    {
      "type": "Feature",
      "properties": {
        "Type": "BIKE LANE",
        "Status": null,
        "Notes": null,
        "Year": null,
        "OBJECTID_1": 78,
        "GlobalID": "{A6F3C2C0-A3B4-4B3B-A20B-CEE43A8CDE5D}",
        "Feet": 351.2914279,
        "Miles": 0.06653247,
        "ShapeSTLength": 351.29142789386572
      },
      "geometry": {
        "type": "LineString",
        "coordinates": [
          [-84.344880819822805, 33.959807461457309],
          [-84.345241245319201, 33.960257637503439],
          [-84.345327258207291, 33.960383928738707],
          [-84.345482783051366, 33.960631036878787]
        ]
      }
    },
    {
      "type": "Feature",
      "properties": {
        "Type": "BIKE LANE",
        "Status": null,
        "Notes": null,
        "Year": null,
        "OBJECTID_1": 79,
        "GlobalID": "{A0CA8C54-471F-455E-9770-A7B003C929C7}",
        "Feet": 9.21650918,
        "Miles": 0.00174555,
        "ShapeSTLength": 9.2165091809808875
      },
      "geometry": {
        "type": "LineString",
        "coordinates": [
          [-84.338233681356726, 33.954070498185828],
          [-84.338254139754525, 33.954089229820376]
        ]
      }
    },
    {
      "type": "Feature",
      "properties": {
        "Type": "BIKE LANE",
        "Status": "PROGRAMMED",
        "Notes": null,
        "Year": null,
        "OBJECTID_1": 81,
        "GlobalID": "{FF2DF429-68B1-42E3-8A55-0C085DDC6E96}",
        "Feet": 406.83077657000001,
        "Miles": 0.07705128,
        "ShapeSTLength": 406.83077657040275
      },
      "geometry": {
        "type": "LineString",
        "coordinates": [
          [-84.314555462791603, 33.928414451325843],
          [-84.314475046892071, 33.92853783148535],
          [-84.314382916602057, 33.928642372539272],
          [-84.314205367447897, 33.928920151573607],
          [-84.314050742405584, 33.929109960534063],
          [-84.314017835647476, 33.929145726136873],
          [-84.314004667257976, 33.929156734577127],
          [-84.313998083061975, 33.9291622387967],
          [-84.313807164639712, 33.929335602738554]
        ]
      }
    },
    {
      "type": "Feature",
      "properties": {
        "Type": "BIKE LANE",
        "Status": "PROGRAMMED",
        "Notes": null,
        "Year": null,
        "OBJECTID_1": 82,
        "GlobalID": "{DD226F2D-29C7-4792-8CBF-5EAE7FA85003}",
        "Feet": 115.85376037,
        "Miles": 0.021942,
        "ShapeSTLength": 115.85376037659547
      },
      "geometry": {
        "type": "LineString",
        "coordinates": [
          [-84.314737802264403, 33.928134688730424],
          [-84.314555462791603, 33.928414451325843]
        ]
      }
    },
    {
      "type": "Feature",
      "properties": {
        "Type": "BIKE LANE",
        "Status": "COMPLETED",
        "Notes": null,
        "Year": "2011",
        "OBJECTID_1": 83,
        "GlobalID": "{8A64725A-234D-4A95-A739-20AF1B70EDF2}",
        "Feet": 384.423345,
        "Miles": 0.07280745,
        "ShapeSTLength": 384.42334500164628
      },
      "geometry": {
        "type": "LineString",
        "coordinates": [
          [-84.31299121187503, 33.928528402613281],
          [-84.313107015985054, 33.928624659226898],
          [-84.313291933994208, 33.928797573972368],
          [-84.313569366669583, 33.929088550360774],
          [-84.313655245772111, 33.929181885695527],
          [-84.313803863077197, 33.929332858512595],
          [-84.313807164639712, 33.929335602738554]
        ]
      }
    },
    {
      "type": "Feature",
      "properties": {
        "Type": "BIKE LANE",
        "Status": "COMPLETED",
        "Notes": null,
        "Year": "2011",
        "OBJECTID_1": 84,
        "GlobalID": "{06BE03FC-5208-4CF4-AE38-C94B3100C356}",
        "Feet": 586.34035943000003,
        "Miles": 0.11104931,
        "ShapeSTLength": 586.34035943013396
      },
      "geometry": {
        "type": "LineString",
        "coordinates": [
          [-84.308832565910848, 33.92557644260053],
          [-84.309142907987535, 33.925848153945829],
          [-84.309364086042152, 33.926026529076431],
          [-84.309581930505303, 33.926182923193764],
          [-84.310268437088311, 33.926652062954176]
        ]
      }
    },
    {
      "type": "Feature",
      "properties": {
        "Type": "BIKE LANE",
        "Status": "COMPLETED",
        "Notes": null,
        "Year": "2011",
        "OBJECTID_1": 85,
        "GlobalID": "{2D6FC20E-9558-479E-9F9B-9702AFB2A648}",
        "Feet": 803.71950993999997,
        "Miles": 0.1522196,
        "ShapeSTLength": 803.71950993438759
      },
      "geometry": {
        "type": "LineString",
        "coordinates": [
          [-84.310268437088311, 33.926652062954176],
          [-84.312321390767409, 33.928048474074089]
        ]
      }
    },
    {
      "type": "Feature",
      "properties": {
        "Type": "BIKE LANE",
        "Status": "COMPLETED",
        "Notes": null,
        "Year": "2011",
        "OBJECTID_1": 86,
        "GlobalID": "{AC831D3F-E243-4EDA-94C5-885EDAF85969}",
        "Feet": 1373.6138520899999,
        "Miles": 0.26015414,
        "ShapeSTLength": 1373.6138520869188
      },
      "geometry": {
        "type": "LineString",
        "coordinates": [
          [-84.336765692765582, 33.953836192849892],
          [-84.336651172198955, 33.954289798126041],
          [-84.33631376701203, 33.955433500156445],
          [-84.336009218442385, 33.956519443656397],
          [-84.335937225594861, 33.956802603807112],
          [-84.335904584022813, 33.956973034451984],
          [-84.335885139384573, 33.957146195099853],
          [-84.335885498466311, 33.957327573890566],
          [-84.33590238523584, 33.957528166152628]
        ]
      }
    },
    {
      "type": "Feature",
      "properties": {
        "Type": "BIKE LANE",
        "Status": "COMPLETED",
        "Notes": null,
        "Year": "2011",
        "OBJECTID_1": 87,
        "GlobalID": "{B213ED87-2AAA-4FE8-AAC2-A6DD42D3D1F6}",
        "Feet": 232.3987259,
        "Miles": 0.04401491,
        "ShapeSTLength": 232.39872590498021
      },
      "geometry": {
        "type": "LineString",
        "coordinates": [
          [-84.33590238523584, 33.957528166152628],
          [-84.335915854441623, 33.957668303648425],
          [-84.335942482763457, 33.957791935003272],
          [-84.336015494607338, 33.958022679765634],
          [-84.336068512185676, 33.958149022933846]
        ]
      }
    },
    {
      "type": "Feature",
      "properties": {
        "Type": "BIKE LANE",
        "Status": "COMPLETED",
        "Notes": null,
        "Year": "2011",
        "OBJECTID_1": 88,
        "GlobalID": "{4A8422F2-90E5-4728-AF1D-EBB85B706D7F}",
        "Feet": 242.46755908,
        "Miles": 0.04592189,
        "ShapeSTLength": 242.46755908017175
      },
      "geometry": {
        "type": "LineString",
        "coordinates": [
          [-84.336068512185676, 33.958149022933846],
          [-84.336220909974116, 33.958497829022598],
          [-84.336280551346604, 33.958637903747878],
          [-84.336350075907333, 33.958772467602202]
        ]
      }
    },
    {
      "type": "Feature",
      "properties": {
        "Type": "BIKE LANE",
        "Status": "COMPLETED",
        "Notes": null,
        "Year": "2011",
        "OBJECTID_1": 89,
        "GlobalID": "{9BBFE38A-2210-4639-9B3C-25B2D7989C94}",
        "Feet": 539.55490000999998,
        "Miles": 0.10218843,
        "ShapeSTLength": 539.55490000897828
      },
      "geometry": {
        "type": "LineString",
        "coordinates": [
          [-84.336350075907333, 33.958772467602202],
          [-84.336413093149602, 33.958951010892378],
          [-84.336764308357161, 33.959769478441665],
          [-84.336944683003196, 33.960169642056712]
        ]
      }
    },
    {
      "type": "Feature",
      "properties": {
        "Type": "BIKE LANE",
        "Status": "COMPLETED",
        "Notes": null,
        "Year": "2011",
        "OBJECTID_1": 90,
        "GlobalID": "{BC2E9242-9329-48AE-9391-5ED58362FFFC}",
        "Feet": 382.45554248000002,
        "Miles": 0.07243476,
        "ShapeSTLength": 382.45554248705673
      },
      "geometry": {
        "type": "LineString",
        "coordinates": [
          [-84.336944683003196, 33.960169642056712],
          [-84.337244648545408, 33.960835100906429],
          [-84.337343946712522, 33.96101359337014],
          [-84.337403580714721, 33.961148170285561]
        ]
      }
    },
    {
      "type": "Feature",
      "properties": {
        "Type": "BIKE LANE",
        "Status": "COMPLETED",
        "Notes": null,
        "Year": "2011",
        "OBJECTID_1": 91,
        "GlobalID": "{49436731-5E6D-46CF-9432-F99C9B65C939}",
        "Feet": 744.79402676999996,
        "Miles": 0.14105947,
        "ShapeSTLength": 744.79402676288623
      },
      "geometry": {
        "type": "LineString",
        "coordinates": [
          [-84.337403580714721, 33.961148170285561],
          [-84.337701727140981, 33.961807315440538],
          [-84.337946898030893, 33.962362102737423],
          [-84.338092831675283, 33.962768627390176],
          [-84.338132712412275, 33.962919720347607],
          [-84.338162737497029, 33.963090065004394]
        ]
      }
    },
    {
      "type": "Feature",
      "properties": {
        "Type": "BIKE LANE",
        "Status": "COMPLETED",
        "Notes": null,
        "Year": "2011",
        "OBJECTID_1": 92,
        "GlobalID": "{2476BFF3-2A7A-492B-A500-EC8D034D0C1B}",
        "Feet": 190.80060774,
        "Miles": 0.03613648,
        "ShapeSTLength": 190.80060774613304
      },
      "geometry": {
        "type": "LineString",
        "coordinates": [
          [-84.338162737497029, 33.963090065004394],
          [-84.338189497655691, 33.963276902224102],
          [-84.338209727834794, 33.963496726386005],
          [-84.338219854000101, 33.963612135657549]
        ]
      }
    },
    {
      "type": "Feature",
      "properties": {
        "Type": "BIKE LANE",
        "Status": "COMPLETED",
        "Notes": null,
        "Year": "2011",
        "OBJECTID_1": 93,
        "GlobalID": "{B9CF7B05-C976-4D1A-BEE1-2C8B661D468D}",
        "Feet": 653.73542386999998,
        "Miles": 0.12381353,
        "ShapeSTLength": 653.73542387370833
      },
      "geometry": {
        "type": "LineString",
        "coordinates": [
          [-84.338219854000101, 33.963612135657549],
          [-84.338325701701152, 33.965406536206039]
        ]
      }
    },
    {
      "type": "Feature",
      "properties": {
        "Type": "BIKE LANE",
        "Status": "COMPLETED",
        "Notes": null,
        "Year": "2011",
        "OBJECTID_1": 94,
        "GlobalID": "{E2DE8FCC-FE26-42F0-A02F-EFD60F610F97}",
        "Feet": 471.71711554000001,
        "Miles": 0.08934036,
        "ShapeSTLength": 471.71711554225419
      },
      "geometry": {
        "type": "LineString",
        "coordinates": [
          [-84.338325701701152, 33.965406536206039],
          [-84.338414057189937, 33.966700795825219]
        ]
      }
    },
    {
      "type": "Feature",
      "properties": {
        "Type": "BIKE LANE",
        "Status": "COMPLETED",
        "Notes": null,
        "Year": "2011",
        "OBJECTID_1": 95,
        "GlobalID": "{B4B990B1-054E-4A8B-8703-ACC3353679B6}",
        "Feet": 320.39943718000001,
        "Miles": 0.06068171,
        "ShapeSTLength": 320.39943718650881
      },
      "geometry": {
        "type": "LineString",
        "coordinates": [
          [-84.338414057189937, 33.966700795825219],
          [-84.338468597794659, 33.967580129486393]
        ]
      }
    },
    {
      "type": "Feature",
      "properties": {
        "Type": "BIKE LANE",
        "Status": "COMPLETED",
        "Notes": null,
        "Year": "2011",
        "OBJECTID_1": 96,
        "GlobalID": "{32BF4860-6375-4116-B502-515B938E6889}",
        "Feet": 366.47898780999998,
        "Miles": 0.0694089,
        "ShapeSTLength": 366.47898781067403
      },
      "geometry": {
        "type": "LineString",
        "coordinates": [
          [-84.338468597794659, 33.967580129486393],
          [-84.338472376861844, 33.967819214380157],
          [-84.338492752591605, 33.968110490989112],
          [-84.338536283177447, 33.968434712172424],
          [-84.338562968473369, 33.968583076021254]
        ]
      }
    },
    {
      "type": "Feature",
      "properties": {
        "Type": "BIKE LANE",
        "Status": "COMPLETED",
        "Notes": null,
        "Year": "2011",
        "OBJECTID_1": 97,
        "GlobalID": "{DF451844-FCBF-4D56-931F-E0BFC71F0104}",
        "Feet": 448.09376575,
        "Miles": 0.08486624,
        "ShapeSTLength": 448.09376575082621
      },
      "geometry": {
        "type": "LineString",
        "coordinates": [
          [-84.338562968473369, 33.968583076021254],
          [-84.338596268238376, 33.968739674175048],
          [-84.338666014964005, 33.96897866684516],
          [-84.338732397294265, 33.969184685446109],
          [-84.338841852694898, 33.969486829964794],
          [-84.338945034255289, 33.969771654830609]
        ]
      }
    },
    {
      "type": "Feature",
      "properties": {
        "Type": "BUFFERED BIKE LANE",
        "Status": "COMPLETED",
        "Notes": null,
        "Year": "2012",
        "OBJECTID_1": 98,
        "GlobalID": "{D9C27BE9-FC25-4734-9393-C779A6594961}",
        "Feet": 111.81318316,
        "Miles": 0.02117674,
        "ShapeSTLength": 111.81318316027854
      },
      "geometry": {
        "type": "LineString",
        "coordinates": [
          [-84.330131289424571, 33.925204306086833],
          [-84.330076191821888, 33.925109514982061],
          [-84.330044737421517, 33.925035474185243],
          [-84.330009349569735, 33.92491564925357]
        ]
      }
    },
    {
      "type": "Feature",
      "properties": {
        "Type": "BUFFERED BIKE LANE",
        "Status": "COMPLETED",
        "Notes": null,
        "Year": "2012",
        "OBJECTID_1": 99,
        "GlobalID": "{8880FF11-2209-4C2D-8A23-8D59D5F5F7DE}",
        "Feet": 1068.541191,
        "Miles": 0.20237523,
        "ShapeSTLength": 1068.5411910026719
      },
      "geometry": {
        "type": "LineString",
        "coordinates": [
          [-84.335253189223053, 33.926164782545762],
          [-84.335025300504768, 33.926134701229493],
          [-84.334795722266932, 33.92611551890996],
          [-84.334653429540182, 33.926109146515373],
          [-84.334507439601225, 33.926094888822483],
          [-84.33301683183312, 33.925766961293498],
          [-84.332936695150352, 33.925751856295278],
          [-84.332821287974653, 33.925739699384636],
          [-84.332704970838009, 33.925738500213619],
          [-84.332589237409039, 33.925748273898293],
          [-84.332475573515083, 33.925768895817946],
          [-84.332365435509715, 33.925800099840814],
          [-84.332247620826905, 33.925835515687986],
          [-84.332105657935614, 33.925867385291966],
          [-84.331960842596331, 33.925888528249502],
          [-84.331814336168975, 33.925898774388131]
        ]
      }
    },
    {
      "type": "Feature",
      "properties": {
        "Type": "BIKE LANE",
        "Status": "COMPLETED",
        "Notes": null,
        "Year": "2011",
        "OBJECTID_1": 100,
        "GlobalID": "{EE4A653D-3D73-41DC-B1A1-3B814DDE5728}",
        "Feet": 127.1606149,
        "Miles": 0.02408345,
        "ShapeSTLength": 127.16061490069673
      },
      "geometry": {
        "type": "LineString",
        "coordinates": [
          [-84.305238036805306, 33.920419417363512],
          [-84.305356616915716, 33.920754603635189]
        ]
      }
    },
    {
      "type": "Feature",
      "properties": {
        "Type": "BIKE LANE",
        "Status": "COMPLETED",
        "Notes": null,
        "Year": "2011",
        "OBJECTID_1": 101,
        "GlobalID": "{8465F1E6-A1A0-4E36-801B-0F5449683BE5}",
        "Feet": 912.52499059000002,
        "Miles": 0.1728267,
        "ShapeSTLength": 912.52499059403237
      },
      "geometry": {
        "type": "LineString",
        "coordinates": [
          [-84.305356616915716, 33.920754603635189],
          [-84.305591740559308, 33.921413901523799],
          [-84.305932803793468, 33.922347897479995],
          [-84.306058495212312, 33.922606084567931],
          [-84.30614778051519, 33.922776370279259],
          [-84.306283281222591, 33.922985077973131],
          [-84.306289887859009, 33.922993315005343],
          [-84.306382367445323, 33.923100389812781]
        ]
      }
    },
    {
      "type": "Feature",
      "properties": {
        "Type": "BIKE LANE",
        "Status": "COMPLETED",
        "Notes": null,
        "Year": "2011",
        "OBJECTID_1": 102,
        "GlobalID": "{91A20478-C08F-476D-A489-E4A9378B7AEC}",
        "Feet": 1168.2549346599999,
        "Miles": 0.2212604,
        "ShapeSTLength": 1168.2549346567246
      },
      "geometry": {
        "type": "LineString",
        "coordinates": [
          [-84.306382367445323, 33.923100389812781],
          [-84.306573907044324, 33.923306285412302],
          [-84.308819342620254, 33.925554472482624],
          [-84.308832565910848, 33.92557644260053]
        ]
      }
    },
    {
      "type": "Feature",
      "properties": {
        "Type": "BIKE LANE",
        "Status": "COMPLETED",
        "Notes": null,
        "Year": "2011",
        "OBJECTID_1": 103,
        "GlobalID": "{1D269243-ACFC-48C0-A4FE-2D8EB1F1A010}",
        "Feet": 436.13472531999997,
        "Miles": 0.08260127,
        "ShapeSTLength": 436.13472531732998
      },
      "geometry": {
        "type": "LineString",
        "coordinates": [
          [-84.336863150301127, 33.952642628603833],
          [-84.336847136051688, 33.953333166305896],
          [-84.336817948509264, 33.953580540958342],
          [-84.336765692765582, 33.953836192849892]
        ]
      }
    },
    {
      "type": "Feature",
      "properties": {
        "Type": "BUFFERED BIKE LANE",
        "Status": "COMPLETED",
        "Notes": null,
        "Year": "2012",
        "OBJECTID_1": 104,
        "GlobalID": "{237EFF25-1A87-44DD-A85E-D2580AECFDCE}",
        "Feet": 270.04611437,
        "Miles": 0.0511451,
        "ShapeSTLength": 270.0461143733545
      },
      "geometry": {
        "type": "LineString",
        "coordinates": [
          [-84.331814336168975, 33.925898774388131],
          [-84.331804872190034, 33.925898775358178],
          [-84.331674599726313, 33.925892908150395],
          [-84.33154570257156, 33.925876114801191],
          [-84.331151655834987, 33.925823674524359],
          [-84.331080919809153, 33.925812628429469],
          [-84.330952618806506, 33.925783980820391],
          [-84.330937328050382, 33.925779917730686]
        ]
      }
    },
    {
      "type": "Feature",
      "properties": {
        "Type": "BUFFERED BIKE LANE",
        "Status": "COMPLETED",
        "Notes": null,
        "Year": "2012",
        "OBJECTID_1": 105,
        "GlobalID": "{618D9D30-26F2-4FC4-B159-FFD3A424BB70}",
        "Feet": 207.44563858000001,
        "Miles": 0.03928895,
        "ShapeSTLength": 207.44563857880857
      },
      "geometry": {
        "type": "LineString",
        "coordinates": [
          [-84.330937328050382, 33.925779917730686],
          [-84.330901232998116, 33.925770326535044],
          [-84.330776799729193, 33.925729178780145],
          [-84.330657822451244, 33.925678030855906],
          [-84.330545455124252, 33.925617378040947],
          [-84.330440786980418, 33.925547808571267],
          [-84.330361555256545, 33.925483557285716]
        ]
      }
    },
    {
      "type": "Feature",
      "properties": {
        "Type": "BUFFERED BIKE LANE",
        "Status": "COMPLETED",
        "Notes": null,
        "Year": "2012",
        "OBJECTID_1": 106,
        "GlobalID": "{F1C2FC90-82A5-4244-8C02-979F6F0095BF}",
        "Feet": 224.31067456,
        "Miles": 0.04248308,
        "ShapeSTLength": 224.31067455831456
      },
      "geometry": {
        "type": "LineString",
        "coordinates": [
          [-84.33253204201884, 33.926021962615465],
          [-84.332462880551688, 33.925997564743533],
          [-84.332330397675932, 33.925956792756054],
          [-84.332193931109757, 33.925926494818604],
          [-84.332054672152239, 33.925906932594479],
          [-84.331913831393678, 33.9258982784648],
          [-84.331814336168975, 33.925898774388131]
        ]
      }
    },
    {
      "type": "Feature",
      "properties": {
        "Type": "BUFFERED BIKE LANE",
        "Status": "COMPLETED",
        "Notes": null,
        "Year": "2012",
        "OBJECTID_1": 107,
        "GlobalID": "{39989EBA-6F33-42E3-AB92-813D819705A9}",
        "Feet": 124.04486861,
        "Miles": 0.02349335,
        "ShapeSTLength": 124.04486860332757
      },
      "geometry": {
        "type": "LineString",
        "coordinates": [
          [-84.330361555256545, 33.925483557285716],
          [-84.330344832775012, 33.925469996439233],
          [-84.330258520879596, 33.925384696900188],
          [-84.33018269001667, 33.925292735656292],
          [-84.330131289424571, 33.925204306086833]
        ]
      }
    },
    {
      "type": "Feature",
      "properties": {
        "Type": "BUFFERED BIKE LANE",
        "Status": "COMPLETED",
        "Notes": null,
        "Year": "2012",
        "OBJECTID_1": 108,
        "GlobalID": "{6DA6C5D9-FBE4-421B-94A7-5E9D47EC7293}",
        "Feet": 395.45105146999998,
        "Miles": 0.07489603,
        "ShapeSTLength": 395.45105146464135
      },
      "geometry": {
        "type": "LineString",
        "coordinates": [
          [-84.330019324326798, 33.922410653234117],
          [-84.330022415770856, 33.92239611032366],
          [-84.330056975733854, 33.922296398117084],
          [-84.33010398249823, 33.922200289433086],
          [-84.330162911369143, 33.922108860600751],
          [-84.330233100204282, 33.922023135834607],
          [-84.330313765616197, 33.921944075492704],
          [-84.330404000789528, 33.921872565261097],
          [-84.330441729620375, 33.921851163554052],
          [-84.330548485740465, 33.921799705173072],
          [-84.330661217642117, 33.921758036773859],
          [-84.330778639227347, 33.921726633410643],
          [-84.330899410106127, 33.921705853903674]
        ]
      }
    },
    {
      "type": "Feature",
      "properties": {
        "Type": "BUFFERED BIKE LANE",
        "Status": "COMPLETED",
        "Notes": null,
        "Year": "2012",
        "OBJECTID_1": 109,
        "GlobalID": "{1594EF17-55E8-4CC1-8397-91C36EAFA1CB}",
        "Feet": 925.50343789,
        "Miles": 0.17528474,
        "ShapeSTLength": 925.50343788419571
      },
      "geometry": {
        "type": "LineString",
        "coordinates": [
          [-84.330009349569735, 33.92491564925357],
          [-84.329951171157788, 33.924813080194632],
          [-84.329909046473034, 33.924680277064454],
          [-84.329879790353061, 33.92454509278533],
          [-84.329863589337805, 33.924408391783643],
          [-84.329881643179235, 33.924207127347913],
          [-84.329883338299169, 33.924198205262286],
          [-84.329903011035213, 33.924100075383443],
          [-84.32993320989398, 33.92399132565555],
          [-84.329944167140752, 33.923958351993086],
          [-84.329984812772125, 33.923839951762695],
          [-84.330018557152428, 33.923725707273874],
          [-84.330044176564414, 33.923595529102435],
          [-84.33005402259387, 33.92350911540273],
          [-84.330058156621547, 33.923403319694621],
          [-84.330053618671911, 33.923297534588357],
          [-84.33005206085879, 33.923280349755565],
          [-84.329995967126109, 33.922692348515447],
          [-84.329992118168249, 33.922612027261884],
          [-84.329999018930422, 33.92251024013175],
          [-84.330000692038453, 33.922498308424956],
          [-84.330019324326798, 33.922410653234117]
        ]
      }
    },
    {
      "type": "Feature",
      "properties": {
        "Type": "BUFFERED BIKE LANE",
        "Status": "COMPLETED",
        "Notes": null,
        "Year": "2012",
        "OBJECTID_1": 110,
        "GlobalID": "{003EF607-EEAA-4E19-89A3-005FAECE8F44}",
        "Feet": 1263.9499527600001,
        "Miles": 0.23938446,
        "ShapeSTLength": 1263.9499527522528
      },
      "geometry": {
        "type": "LineString",
        "coordinates": [
          [-84.330009349569735, 33.92491564925357],
          [-84.329986888051209, 33.924793674809251],
          [-84.32997752987626, 33.924670518976605],
          [-84.329981349316085, 33.924547157225227],
          [-84.329998315733391, 33.92442456786457],
          [-84.330028295728866, 33.924303722123277],
          [-84.330064205989743, 33.924202172431734],
          [-84.330156045353903, 33.923961268083175],
          [-84.330208747988195, 33.923823022193076],
          [-84.330226237301417, 33.92377507455204],
          [-84.330265010811146, 33.923651304792671],
          [-84.330295244252682, 33.923525891872259],
          [-84.330316840020615, 33.923399244365662],
          [-84.330329728642283, 33.923271776218499],
          [-84.330333865522107, 33.92314390134154],
          [-84.330332271049471, 33.923070245575587],
          [-84.330328943187311, 33.922986592116992],
          [-84.330306496029806, 33.92242238180836],
          [-84.330304911659525, 33.922335321462548],
          [-84.330316485375462, 33.922248787315418],
          [-84.330341032661266, 33.922164155498507],
          [-84.330378164534878, 33.922082772657369],
          [-84.330427287510062, 33.922005934312963],
          [-84.330487623021696, 33.921934861394547],
          [-84.330558209559598, 33.921870684008226],
          [-84.33063792426951, 33.921814425180386],
          [-84.330725499133379, 33.921766978296354],
          [-84.330819542582347, 33.921729098056879],
          [-84.330899410106127, 33.921705853903674]
        ]
      }
    },
    {
      "type": "Feature",
      "properties": {
        "Type": "BUFFERED BIKE LANE",
        "Status": "COMPLETED",
        "Notes": null,
        "Year": "2012",
        "OBJECTID_1": 111,
        "GlobalID": "{0CCED608-62AC-4D5D-947B-FDB7A2FF8508}",
        "Feet": 726.88252588,
        "Miles": 0.13766715,
        "ShapeSTLength": 726.88252588475848
      },
      "geometry": {
        "type": "LineString",
        "coordinates": [
          [-84.330899410106127, 33.921705853903674],
          [-84.331747870115862, 33.921532574594238],
          [-84.331787565252128, 33.92152547242285],
          [-84.331883207892233, 33.921516336852598],
          [-84.331979450321541, 33.921518169654462],
          [-84.332074492823381, 33.921530936277321],
          [-84.332125939423321, 33.921542572152916],
          [-84.332217170364558, 33.92157198339941],
          [-84.332302835534364, 33.921611345258178],
          [-84.332381380478964, 33.921659945739897],
          [-84.332451381270701, 33.921716902274106],
          [-84.332511569420703, 33.921781181510212],
          [-84.332560852468376, 33.92185162002577],
          [-84.332598336724303, 33.921926939622523],
          [-84.332623343547368, 33.922005774352087],
          [-84.332635418046749, 33.92208669484716],
          [-84.332634343192126, 33.922168232646186],
          [-84.332624866996127, 33.922268814307103],
          [-84.332620656080223, 33.922302615838547]
        ]
      }
    },
    {
      "type": "Feature",
      "properties": {
        "Type": "BUFFERED BIKE LANE",
        "Status": "COMPLETED",
        "Notes": null,
        "Year": "2012",
        "OBJECTID_1": 112,
        "GlobalID": "{E8ED9C68-7E7C-4706-A46B-66DB7C83F5EF}",
        "Feet": 558.49626808000005,
        "Miles": 0.10577581,
        "ShapeSTLength": 558.49626807745153
      },
      "geometry": {
        "type": "LineString",
        "coordinates": [
          [-84.332620656080223, 33.922302615838547],
          [-84.332605795909586, 33.922395402932722],
          [-84.332604074925896, 33.922489001821873],
          [-84.332615043547975, 33.922579664128236],
          [-84.332666213931589, 33.922733475719745],
          [-84.332689720053125, 33.922824680127277],
          [-84.332700083144232, 33.922914788733841],
          [-84.332698259704372, 33.923002913949595],
          [-84.332687599041037, 33.923124608899514],
          [-84.332686645877928, 33.923210872873227],
          [-84.3326988466264, 33.923296538461976],
          [-84.33272400178717, 33.92338021741844],
          [-84.332761706422815, 33.92346055422712],
          [-84.332811348033957, 33.923536247747194],
          [-84.332872122817122, 33.923606070125544],
          [-84.332892383039066, 33.923625701951842],
          [-84.332966072127448, 33.923686180375718],
          [-84.333035979025738, 33.92373050212187]
        ]
      }
    },
    {
      "type": "Feature",
      "properties": {
        "Type": "BIKE LANE",
        "Status": "COMPLETED",
        "Notes": null,
        "Year": "2011",
        "OBJECTID_1": 113,
        "GlobalID": "{1C3981C7-FD39-4BBA-A6C7-B3C7BF8E3D56}",
        "Feet": 268.12620382,
        "Miles": 0.05078148,
        "ShapeSTLength": 268.12620381911154
      },
      "geometry": {
        "type": "LineString",
        "coordinates": [
          [-84.312321390767409, 33.928048474074089],
          [-84.312849497554552, 33.928410607832049],
          [-84.312879211029056, 33.928435306098095],
          [-84.31299121187503, 33.928528402613281]
        ]
      }
    },
    {
      "type": "Feature",
      "properties": {
        "Type": "BIKE LANE",
        "Status": "COMPLETED",
        "Notes": null,
        "Year": "2011",
        "OBJECTID_1": 115,
        "GlobalID": "{75B45EBB-C2C4-4D88-96BD-6783CA29E80E}",
        "Feet": 1542.8665549899999,
        "Miles": 0.29220957,
        "ShapeSTLength": 1542.8665549902162
      },
      "geometry": {
        "type": "LineString",
        "coordinates": [
          [-84.304985245555301, 33.923334628503348],
          [-84.30457295265191, 33.923363505806009],
          [-84.30429933309712, 33.92336381190006],
          [-84.303992739718694, 33.923358657811185],
          [-84.303755378459044, 33.923356174086237],
          [-84.303145487373058, 33.923345858784394],
          [-84.302983962354176, 33.923351534029308],
          [-84.302862014103241, 33.923368157996912],
          [-84.302726895762149, 33.923395789091067],
          [-84.30261815566567, 33.923426139094254],
          [-84.302552267083726, 33.923453693552943],
          [-84.302529208252764, 33.923464712591361],
          [-84.302400749336385, 33.923533558590805],
          [-84.302209753501828, 33.923665681301507],
          [-84.301432728083498, 33.924287622242623],
          [-84.301258204755698, 33.924414229992763],
          [-84.301017772635461, 33.924557397554189],
          [-84.300513616627171, 33.924829476535827]
        ]
      }
    },
    {
      "type": "Feature",
      "properties": {
        "Type": "BIKE LANE",
        "Status": "COMPLETED",
        "Notes": null,
        "Year": "2011",
        "OBJECTID_1": 116,
        "GlobalID": "{4F8E6027-84A6-4D47-851D-F7AF5AB0E4B6}",
        "Feet": 271.40309197,
        "Miles": 0.0514021,
        "ShapeSTLength": 271.40309196410038
      },
      "geometry": {
        "type": "LineString",
        "coordinates": [
          [-84.300513616627171, 33.924829476535827],
          [-84.299970290425279, 33.925108171451633],
          [-84.299749645782924, 33.925217673424889]
        ]
      }
    },
    {
      "type": "Feature",
      "properties": {
        "Type": "BIKE LANE",
        "Status": "COMPLETED",
        "Notes": null,
        "Year": "2013",
        "OBJECTID_1": 117,
        "GlobalID": "{2A36EB16-620A-4E0F-BF10-593BA6570F9B}",
        "Feet": 693.1208213,
        "Miles": 0.13127288,
        "ShapeSTLength": 693.12082129823409
      },
      "geometry": {
        "type": "LineString",
        "coordinates": [
          [-84.299749645782924, 33.925217673424889],
          [-84.299292785121665, 33.925442857407972],
          [-84.299123012017361, 33.925547087518915],
          [-84.298939394483753, 33.925697063923067],
          [-84.29875331801648, 33.925893407289664],
          [-84.298579987527773, 33.926152306341379],
          [-84.298424685493913, 33.926423296566526],
          [-84.298335782575336, 33.926636039640712]
        ]
      }
    },
    {
      "type": "Feature",
      "properties": {
        "Type": "BIKE LANE",
        "Status": "COMPLETED",
        "Notes": null,
        "Year": "2013",
        "OBJECTID_1": 118,
        "GlobalID": "{B409DFF2-E458-41B9-AEEF-08209C3E4C25}",
        "Feet": 563.79172415999994,
        "Miles": 0.10677874,
        "ShapeSTLength": 563.79172416341567
      },
      "geometry": {
        "type": "LineString",
        "coordinates": [
          [-84.297578632312991, 33.92804938317812],
          [-84.297512244955698, 33.928103574152985],
          [-84.29638930334815, 33.928940208294328],
          [-84.296343193625034, 33.928970486749066],
          [-84.296293781797999, 33.928998020490667],
          [-84.296168585584468, 33.92905311565125]
        ]
      }
    },
    {
      "type": "Feature",
      "properties": {
        "Type": "BIKE LANE",
        "Status": "COMPLETED",
        "Notes": null,
        "Year": "2013",
        "OBJECTID_1": 119,
        "GlobalID": "{2855898E-8207-4FD2-9FBF-B1B5028AB668}",
        "Feet": 245.02730772000001,
        "Miles": 0.04640669,
        "ShapeSTLength": 245.02730771395673
      },
      "geometry": {
        "type": "MultiLineString",
        "coordinates": [
          [
            [-84.296168585584468, 33.92905311565125],
            [-84.295908210854904, 33.929102856287919],
            [-84.295670837986307, 33.929103105187458],
            [-84.295394104369706, 33.929044462364665]
          ],
          [
            [-84.295391261999015, 33.929043859439751],
            [-84.295374028172546, 33.929040207814595]
          ]
        ]
      }
    },
    {
      "type": "Feature",
      "properties": {
        "Type": "BIKE LANE",
        "Status": "COMPLETED",
        "Notes": null,
        "Year": "2011",
        "OBJECTID_1": 120,
        "GlobalID": "{49A09B69-D8A5-48EA-8EB0-58E62D46568D}",
        "Feet": 436.07180769000001,
        "Miles": 0.08258936,
        "ShapeSTLength": 436.07180769359746
      },
      "geometry": {
        "type": "LineString",
        "coordinates": [
          [-84.306382367445323, 33.923100389812781],
          [-84.306220946185022, 33.923169277187],
          [-84.305861758685722, 33.923257625252866],
          [-84.30562115568523, 33.923288126875249],
          [-84.304985245555301, 33.923334628503348]
        ]
      }
    },
    {
      "type": "Feature",
      "properties": {
        "Type": "BUFFERED BIKE LANE",
        "Status": "COMPLETED",
        "Notes": null,
        "Year": "2012",
        "OBJECTID_1": 128,
        "GlobalID": "{48A90670-0FE2-4805-8544-7906A786BB84}",
        "Feet": 1506.4549193299999,
        "Miles": 0.28531343,
        "ShapeSTLength": 1506.4549193307298
      },
      "geometry": {
        "type": "LineString",
        "coordinates": [
          [-84.333035979025738, 33.92373050212187],
          [-84.333048440015091, 33.923738402512512],
          [-84.333098302444199, 33.923763918025671],
          [-84.333185429318121, 33.923804979556813],
          [-84.333285265204609, 33.923845721785398],
          [-84.333390183222448, 33.923876330830872],
          [-84.333498708316725, 33.923896375895616],
          [-84.333565540197185, 33.923903254951767],
          [-84.33368932101267, 33.923912247713034],
          [-84.33386166953008, 33.923921061718467],
          [-84.334011600148628, 33.923914299610537],
          [-84.334084792062555, 33.923906972655338],
          [-84.33446861144526, 33.923861512971577],
          [-84.33461862421494, 33.923849293340005],
          [-84.334769344206592, 33.923848044512077],
          [-84.334919619626689, 33.9238577779766],
          [-84.335068300670358, 33.923878416865456],
          [-84.33513627860691, 33.923891624756955],
          [-84.335533259643796, 33.92397585423339],
          [-84.335642417374231, 33.923993349431832],
          [-84.335753291721744, 33.92399995407699],
          [-84.335864324997104, 33.923995576534885],
          [-84.335973956569049, 33.92398027845838],
          [-84.336080646659823, 33.92395427385263],
          [-84.336096401017315, 33.923949439271333],
          [-84.336125170203218, 33.923940367145711],
          [-84.336244321607865, 33.923908666776754],
          [-84.336366812258191, 33.923887592825785],
          [-84.336451253941235, 33.923879460034733],
          [-84.336678438606398, 33.923864430189425],
          [-84.336848149404133, 33.923847696835416],
          [-84.337008024151956, 33.92382163955935],
          [-84.337196116358129, 33.923784950641746],
          [-84.3373445392847, 33.9237616416302],
          [-84.337494835486225, 33.923749208022969],
          [-84.337645859826495, 33.923747745172676],
          [-84.337796462675129, 33.923757263690341],
          [-84.337898597531591, 33.923767524745408]
        ]
      }
    },
    {
      "type": "Feature",
      "properties": {
        "Type": "BUFFERED BIKE LANE",
        "Status": "COMPLETED",
        "Notes": null,
        "Year": "2012",
        "OBJECTID_1": 129,
        "GlobalID": "{87092954-D5C9-4107-9569-D157F6DDD3E8}",
        "Feet": 1911.6815483,
        "Miles": 0.3620609,
        "ShapeSTLength": 1911.6815482979068
      },
      "geometry": {
        "type": "LineString",
        "coordinates": [
          [-84.332620656080223, 33.922302615838547],
          [-84.332621839015289, 33.922341515139465],
          [-84.332633994268548, 33.922435610161941],
          [-84.332659144174428, 33.922527897929086],
          [-84.33269695215786, 33.922617133733517],
          [-84.332746907594952, 33.92270211818068],
          [-84.332808336640184, 33.922781704388093],
          [-84.333087339827969, 33.923159408812595],
          [-84.333090119150029, 33.923163150433872],
          [-84.333157952246395, 33.923243569929319],
          [-84.333236124957992, 33.923317178904092],
          [-84.333323658850361, 33.92338305899878],
          [-84.333419462097424, 33.923440386679232],
          [-84.333522340327377, 33.923488448551034],
          [-84.333631007440943, 33.923526642247189],
          [-84.333932288020364, 33.923616364097178],
          [-84.333938329899851, 33.923618144727584],
          [-84.334045962455377, 33.923643697688021],
          [-84.334156451065766, 33.92365852807616],
          [-84.334268264869806, 33.923662431494357],
          [-84.334379853828665, 33.923655353247199],
          [-84.334489671448921, 33.923637391917374],
          [-84.334596195327933, 33.923608795730871],
          [-84.334692818537519, 33.923582443596835],
          [-84.3348016731467, 33.923563801669438],
          [-84.334912409375917, 33.923556030749594],
          [-84.33502347110371, 33.923559239352002],
          [-84.335133295416782, 33.923573381827275],
          [-84.335240341812735, 33.92359826012504],
          [-84.335343103014765, 33.923633524680618],
          [-84.335440863613542, 33.923672876786732],
          [-84.335531986421117, 33.923706602720834],
          [-84.335642225594995, 33.923740094082582],
          [-84.335755130313871, 33.923766705845082],
          [-84.335870084855557, 33.923786294586087],
          [-84.335986460586099, 33.923798752066858],
          [-84.336103622462517, 33.923804011534855],
          [-84.336220930104474, 33.923802042312467],
          [-84.336229706186018, 33.923801603757774],
          [-84.336349777988673, 33.923791286009028],
          [-84.33649160662209, 33.923768966282324],
          [-84.336666161092012, 33.923734541903137],
          [-84.337143976643645, 33.923640307397527],
          [-84.337175758446023, 33.923634281976405],
          [-84.337330943689352, 33.923611818364769],
          [-84.337487840003874, 33.923600248398742],
          [-84.337645346578839, 33.92359965564853],
          [-84.337802361359365, 33.923610041643116],
          [-84.337957784308685, 33.923631335783796]
        ]
      }
    },
    {
      "type": "Feature",
      "properties": {
        "Type": "BIKE LANE",
        "Status": "COMPLETED",
        "Notes": null,
        "Year": "2013",
        "OBJECTID_1": 132,
        "GlobalID": "{3EF8A22F-87D0-438D-84FA-1EAA90115D7C}",
        "Feet": 392.93053064999998,
        "Miles": 0.07441866,
        "ShapeSTLength": 392.93053065182562
      },
      "geometry": {
        "type": "LineString",
        "coordinates": [
          [-84.298335782575336, 33.926636039640712],
          [-84.298278344251827, 33.926767143258282],
          [-84.298133958993901, 33.927204257833871],
          [-84.298022329076346, 33.92750392775573],
          [-84.298009196839445, 33.927539668905602],
          [-84.29797631348238, 33.927594667420955],
          [-84.297953299323694, 33.927635914544112],
          [-84.297936316302483, 33.927660971852845]
        ]
      }
    },
    {
      "type": "Feature",
      "properties": {
        "Type": "BIKE LANE",
        "Status": "COMPLETED",
        "Notes": null,
        "Year": "2013",
        "OBJECTID_1": 133,
        "GlobalID": "{B6D45B09-E86E-4DD4-A4C9-2E07DEAA47EA}",
        "Feet": 178.86223624,
        "Miles": 0.03387542,
        "ShapeSTLength": 178.86223623474336
      },
      "geometry": {
        "type": "LineString",
        "coordinates": [
          [-84.297936316302483, 33.927660971852845],
          [-84.297897379528024, 33.927718419318083],
          [-84.29778220709585, 33.927858698785251],
          [-84.297653830310352, 33.927988000400717],
          [-84.297578632312991, 33.92804938317812]
        ]
      }
    },
    {
      "type": "Feature",
      "properties": {
        "Type": "BIKE ROUTE",
        "Status": "EXISTING",
        "Notes": null,
        "Year": null,
        "OBJECTID_1": 134,
        "GlobalID": "{E5A10A7C-FAF7-4A71-8F7E-AA56B97F65AC}",
        "Feet": 237.62905214,
        "Miles": 0.0450055,
        "ShapeSTLength": 237.62905214069866
      },
      "geometry": {
        "type": "LineString",
        "coordinates": [
          [-84.32780826921001, 33.938282854332165],
          [-84.327618263885327, 33.938414780406731],
          [-84.327559017947678, 33.938469821161789],
          [-84.327539276176353, 33.938491832286267],
          [-84.327470205728872, 33.938582611993233],
          [-84.327453771432474, 33.938610115116198],
          [-84.327450484571912, 33.938615615740524],
          [-84.327440618822251, 33.938629369453622],
          [-84.327437337125502, 33.938637618236868],
          [-84.327421181712864, 33.938813522857984]
        ]
      }
    },
    {
      "type": "Feature",
      "properties": {
        "Type": "BIKE LANE",
        "Status": "COMPLETED",
        "Notes": null,
        "Year": "2013",
        "OBJECTID_1": 135,
        "GlobalID": "{ED996CC0-5B86-4FB1-86AB-54B5CEA83B44}",
        "Feet": 2134.5402613699998,
        "Miles": 0.40426899,
        "ShapeSTLength": 2134.5402613686097
      },
      "geometry": {
        "type": "LineString",
        "coordinates": [
          [-84.316373016474685, 33.933619663150303],
          [-84.316225822576143, 33.934290396988018],
          [-84.316098097763771, 33.934782475112634],
          [-84.315567031768168, 33.936539201402624],
          [-84.315475276693135, 33.936863596094632],
          [-84.315291974570485, 33.937633306131573],
          [-84.315249463704262, 33.937836721801283],
          [-84.315246247692002, 33.937883445423005],
          [-84.315226717661602, 33.938029121838042],
          [-84.315213863053913, 33.938221509029965],
          [-84.315217484778586, 33.938408380905329],
          [-84.315285115150033, 33.939378403887417]
        ]
      }
    },
    {
      "type": "Feature",
      "properties": {
        "Type": "BIKE LANE",
        "Status": "EXISTING",
        "Notes": "Width suitable for lane.",
        "Year": null,
        "OBJECTID_1": 136,
        "GlobalID": "{04EF81CE-E617-49A9-872E-31140AD04BDF}",
        "Feet": 274.766711,
        "Miles": 0.05203915,
        "ShapeSTLength": 274.76671099885351
      },
      "geometry": {
        "type": "LineString",
        "coordinates": [
          [-84.317026111457409, 33.946911772682625],
          [-84.317112136926639, 33.947076557358557],
          [-84.317386630366116, 33.947529669361508],
          [-84.317426280429274, 33.947588887535836]
        ]
      }
    },
    {
      "type": "Feature",
      "properties": {
        "Type": "BIKE LANE",
        "Status": "EXISTING",
        "Notes": "Width suitable for lane.",
        "Year": null,
        "OBJECTID_1": 137,
        "GlobalID": "{2C6A5880-6B62-4CCE-A4EF-F4A75D29321A}",
        "Feet": 335.77095573000003,
        "Miles": 0.06359298,
        "ShapeSTLength": 335.77095572855188
      },
      "geometry": {
        "type": "LineString",
        "coordinates": [
          [-84.317426280429274, 33.947588887535836],
          [-84.317581700307187, 33.94782073651924],
          [-84.317670903989665, 33.947916812821639],
          [-84.317760088448082, 33.948001896431713],
          [-84.31785585848364, 33.948081475563683],
          [-84.317944999538682, 33.948141825629747],
          [-84.318007722380386, 33.948180222811509],
          [-84.318159551463893, 33.948259733678803]
        ]
      }
    },
    {
      "type": "Feature",
      "properties": {
        "Type": "BIKE LANE",
        "Status": "EXISTING",
        "Notes": "Width suitable for lane.",
        "Year": null,
        "OBJECTID_1": 138,
        "GlobalID": "{6EDC08FB-1A61-4228-A5AC-545AFA50AE0D}",
        "Feet": 380.30411197000001,
        "Miles": 0.07202729,
        "ShapeSTLength": 380.30411196875667
      },
      "geometry": {
        "type": "LineString",
        "coordinates": [
          [-84.318159551463893, 33.948259733678803],
          [-84.31857871445213, 33.948468077488393],
          [-84.318743769096329, 33.9485668075422],
          [-84.318898955842187, 33.948679290385272],
          [-84.318988122735902, 33.948753381367659],
          [-84.31901454258545, 33.948775333971547],
          [-84.319126896783004, 33.948907106653735]
        ]
      }
    },
    {
      "type": "Feature",
      "properties": {
        "Type": "BIKE LANE",
        "Status": "EXISTING",
        "Notes": null,
        "Year": "2017",
        "OBJECTID_1": 139,
        "GlobalID": "{72B439DD-DAA2-452B-BBC7-6AE449E9AC22}",
        "Feet": 177.15150004,
        "Miles": 0.03355142,
        "ShapeSTLength": 177.1515000498627
      },
      "geometry": {
        "type": "LineString",
        "coordinates": [
          [-84.319126896783004, 33.948907106653735],
          [-84.319235942842198, 33.94903338700621],
          [-84.319302061550147, 33.949126742548501],
          [-84.319341765233645, 33.949200894585019],
          [-84.31939476739997, 33.949335488766089]
        ]
      }
    },
    {
      "type": "Feature",
      "properties": {
        "Type": "BIKE LANE",
        "Status": "EXISTING",
        "Notes": null,
        "Year": "2017",
        "OBJECTID_1": 140,
        "GlobalID": "{A020506C-C8AC-4F9F-A8AC-2BDA80F016C8}",
        "Feet": 399.22719310999997,
        "Miles": 0.07561121,
        "ShapeSTLength": 399.22719309946268
      },
      "geometry": {
        "type": "LineString",
        "coordinates": [
          [-84.31939476739997, 33.949335488766089],
          [-84.319464341285325, 33.949516781101416],
          [-84.319484303797992, 33.94961569104143],
          [-84.31950433021882, 33.949750326095135],
          [-84.319511171103798, 33.949887725675282],
          [-84.319495635956955, 33.950420889159254]
        ]
      }
    },
    {
      "type": "Feature",
      "properties": {
        "Type": "BIKE ROUTE",
        "Status": null,
        "Notes": null,
        "Year": null,
        "OBJECTID_1": 141,
        "GlobalID": "{71DCB08D-9727-4651-A6D9-F9177BC33088}",
        "Feet": 316.99671162,
        "Miles": 0.06003726,
        "ShapeSTLength": 316.99671162220591
      },
      "geometry": {
        "type": "LineString",
        "coordinates": [
          [-84.302335880502042, 33.945580360237713],
          [-84.302959639957635, 33.946279414424694]
        ]
      }
    },
    {
      "type": "Feature",
      "properties": {
        "Type": "BIKE LANE",
        "Status": "PLANNED",
        "Notes": null,
        "Year": null,
        "OBJECTID_1": 142,
        "GlobalID": "{930D18B5-44A3-463A-859E-37365C795AA8}",
        "Feet": 1091.61528028,
        "Miles": 0.20674532,
        "ShapeSTLength": 1091.6152802762178
      },
      "geometry": {
        "type": "LineString",
        "coordinates": [
          [-84.315285115150033, 33.939378403887417],
          [-84.315311980086719, 33.939658684416699],
          [-84.315368544301094, 33.939952670793744],
          [-84.315448189707851, 33.940246629241265],
          [-84.315776572925927, 33.941367485385989],
          [-84.315846296662741, 33.941642218362837],
          [-84.315936009945005, 33.942035098155095],
          [-84.315999148586826, 33.942315334425871]
        ]
      }
    },
    {
      "type": "Feature",
      "properties": {
        "Type": "BIKE LANE",
        "Status": "PLANNED",
        "Notes": null,
        "Year": null,
        "OBJECTID_1": 143,
        "GlobalID": "{1B30F0C4-9163-4BA0-A5FC-99D7F0D869D4}",
        "Feet": 455.62380481999998,
        "Miles": 0.08629239,
        "ShapeSTLength": 455.62380481712677
      },
      "geometry": {
        "type": "LineString",
        "coordinates": [
          [-84.315999148586826, 33.942315334425871],
          [-84.316274981295379, 33.9435461800498]
        ]
      }
    },
    {
      "type": "Feature",
      "properties": {
        "Type": "BIKE ROUTE",
        "Status": "EXISTING",
        "Notes": null,
        "Year": null,
        "OBJECTID_1": 145,
        "GlobalID": "{44CFB160-FEF8-4D48-8F71-98019F5075DF}",
        "Feet": 1460.9567767399999,
        "Miles": 0.27669636,
        "ShapeSTLength": 1460.9567767364658
      },
      "geometry": {
        "type": "LineString",
        "coordinates": [
          [-84.33782443510826, 33.936286335438787],
          [-84.333008502338245, 33.936368472367242]
        ]
      }
    },
    {
      "type": "Feature",
      "properties": {
        "Type": "BIKE ROUTE",
        "Status": "EXISTING",
        "Notes": null,
        "Year": null,
        "OBJECTID_1": 146,
        "GlobalID": "{AB598189-D606-45A0-834B-8178BC2BAEF0}",
        "Feet": 1883.77792241,
        "Miles": 0.35677612,
        "ShapeSTLength": 1883.7779224086307
      },
      "geometry": {
        "type": "LineString",
        "coordinates": [
          [-84.333008502338245, 33.936368472367242],
          [-84.331030278314898, 33.936393114272761],
          [-84.330212609579462, 33.936402447543458],
          [-84.330087340528735, 33.936413606534003],
          [-84.330044493883207, 33.936421907894101],
          [-84.330034602561113, 33.936421921018173],
          [-84.329971988999148, 33.936438493078747],
          [-84.32988961897945, 33.936468832132995],
          [-84.329873143919841, 33.93647435030524],
          [-84.329833619462264, 33.936496388924581],
          [-84.329797398416218, 33.936521170419894],
          [-84.329764463981917, 33.936540451217347],
          [-84.329724966738084, 33.936576229698332],
          [-84.329688777050606, 33.936617500121137],
          [-84.329655884444804, 33.936658766168684],
          [-84.329629591279058, 33.936702771639858],
          [-84.329603298086354, 33.936746777105164],
          [-84.329422651921419, 33.937112523096665],
          [-84.329343740209097, 33.937228050377612],
          [-84.329264780187813, 33.937318844170875],
          [-84.329208822769203, 33.937368385050881],
          [-84.329202233703043, 33.937371141915477],
          [-84.329136384777655, 33.937420696720743],
          [-84.328211000414996, 33.938012770985054],
          [-84.32780826921001, 33.938282854332165]
        ]
      }
    },
    {
      "type": "Feature",
      "properties": {
        "Type": "BIKE ROUTE",
        "Status": null,
        "Notes": null,
        "Year": null,
        "OBJECTID_1": 147,
        "GlobalID": "{FD2F3028-8020-476E-9040-EBFBB8A24BD5}",
        "Feet": 326.27916891000001,
        "Miles": 0.0617953,
        "ShapeSTLength": 326.2791689066367
      },
      "geometry": {
        "type": "LineString",
        "coordinates": [
          [-84.30472951250286, 33.948754779827709],
          [-84.304739230121584, 33.948772934933416],
          [-84.304821958437671, 33.948951472689124],
          [-84.304868315763272, 33.949069591644871],
          [-84.304894856498535, 33.949168496597373],
          [-84.304941285153788, 33.949330586038968],
          [-84.304974505743616, 33.949481697648963],
          [-84.304984469720779, 33.949525657050799],
          [-84.304991091629745, 33.94954213858415],
          [-84.30500111006225, 33.949619076771434]
        ]
      }
    },
    {
      "type": "Feature",
      "properties": {
        "Type": "BIKE ROUTE",
        "Status": "EXISTING",
        "Notes": null,
        "Year": null,
        "OBJECTID_1": 148,
        "GlobalID": "{0D10E808-69F5-428E-9EB5-3D3C9945B785}",
        "Feet": 138.86096669,
        "Miles": 0.02629943,
        "ShapeSTLength": 138.86096668407228
      },
      "geometry": {
        "type": "LineString",
        "coordinates": [
          [-84.286012440885486, 33.937162251760071],
          [-84.285821275543995, 33.937211903937332],
          [-84.28558016308564, 33.937287516913955]
        ]
      }
    },
    {
      "type": "Feature",
      "properties": {
        "Type": "BIKE ROUTE",
        "Status": "EXISTING",
        "Notes": null,
        "Year": null,
        "OBJECTID_1": 149,
        "GlobalID": "{70D52F1B-A612-45B2-A7C8-BA4A4BF6A452}",
        "Feet": 697.09423655000001,
        "Miles": 0.13202542,
        "ShapeSTLength": 697.09423655060959
      },
      "geometry": {
        "type": "LineString",
        "coordinates": [
          [-84.288138223743687, 33.936541833200202],
          [-84.288062546031227, 33.9366518354867],
          [-84.288013139877052, 33.936687610380403],
          [-84.287953822823724, 33.936709654173647],
          [-84.287589581973833, 33.936794572709687],
          [-84.286012440885486, 33.937162251760071]
        ]
      }
    },
    {
      "type": "Feature",
      "properties": {
        "Type": "BIKE ROUTE",
        "Status": "EXISTING",
        "Notes": null,
        "Year": null,
        "OBJECTID_1": 150,
        "GlobalID": "{2E7B7AF9-77B0-4D18-BAD5-C05B3CB2E6E5}",
        "Feet": 418.17942532000001,
        "Miles": 0.07920065,
        "ShapeSTLength": 418.17942532128018
      },
      "geometry": {
        "type": "LineString",
        "coordinates": [
          [-84.28558016308564, 33.937287516913955],
          [-84.285471968027508, 33.937349649901179],
          [-84.285310525866251, 33.937434998792035],
          [-84.285172167283548, 33.937523074325767],
          [-84.28503711318001, 33.93761664196154],
          [-84.284529913699828, 33.938026606500479]
        ]
      }
    },
    {
      "type": "Feature",
      "properties": {
        "Type": "BIKE ROUTE",
        "Status": "EXISTING",
        "Notes": null,
        "Year": null,
        "OBJECTID_1": 151,
        "GlobalID": "{A700B696-F831-481F-90E4-1A7F1F8F9F5E}",
        "Feet": 668.61339132000001,
        "Miles": 0.12663132,
        "ShapeSTLength": 668.61339131849331
      },
      "geometry": {
        "type": "LineString",
        "coordinates": [
          [-84.284529913699828, 33.938026606500479],
          [-84.283770583141632, 33.938668878610919],
          [-84.283544993361289, 33.938864766484571],
          [-84.28340122233304, 33.938981745092711],
          [-84.283241475370673, 33.939088385242506],
          [-84.283193695219737, 33.939119607028481],
          [-84.282912677815773, 33.939264822285658]
        ]
      }
    },
    {
      "type": "Feature",
      "properties": {
        "Type": "BIKE ROUTE",
        "Status": "EXISTING",
        "Notes": null,
        "Year": null,
        "OBJECTID_1": 152,
        "GlobalID": "{18C86C87-9E2A-46D9-A2B1-AAEAC5D9A438}",
        "Feet": 866.20546993000005,
        "Miles": 0.16405407,
        "ShapeSTLength": 866.20546992669529
      },
      "geometry": {
        "type": "LineString",
        "coordinates": [
          [-84.282912677815773, 33.939264822285658],
          [-84.282174349918506, 33.939452392552653],
          [-84.282008665856111, 33.939489172979648],
          [-84.28038307468367, 33.939850026035501],
          [-84.280160329237916, 33.939899469561695]
        ]
      }
    },
    {
      "type": "Feature",
      "properties": {
        "Type": "BIKE ROUTE",
        "Status": "EXISTING",
        "Notes": null,
        "Year": null,
        "OBJECTID_1": 153,
        "GlobalID": "{C71CDA7D-F59D-41BF-804B-6F70B3011BA0}",
        "Feet": 586.3055129000001,
        "Miles": 0.11104271,
        "ShapeSTLength": 586.30551290137703
      },
      "geometry": {
        "type": "LineString",
        "coordinates": [
          [-84.280160329237916, 33.939899469561695],
          [-84.279487873270256, 33.940040244127637],
          [-84.278788984047083, 33.940139816581933],
          [-84.278259648117228, 33.940173032953439]
        ]
      }
    },
    {
      "type": "Feature",
      "properties": {
        "Type": "BIKE ROUTE",
        "Status": "EXISTING",
        "Notes": null,
        "Year": null,
        "OBJECTID_1": 154,
        "GlobalID": "{0D793A52-F5A4-4A9A-BBDF-592894EC1B12}",
        "Feet": 884.26638447000005,
        "Miles": 0.16747469,
        "ShapeSTLength": 884.2663844717265
      },
      "geometry": {
        "type": "LineString",
        "coordinates": [
          [-84.278259648117228, 33.940173032953439],
          [-84.277649695422696, 33.940214611130635],
          [-84.276573406003507, 33.940284719868977],
          [-84.275363503636797, 33.940439691328798]
        ]
      }
    },
    {
      "type": "Feature",
      "properties": {
        "Type": "BIKE ROUTE",
        "Status": "EXISTING",
        "Notes": null,
        "Year": null,
        "OBJECTID_1": 155,
        "GlobalID": "{D59EAC71-D0DB-4897-BF2C-3B478F091BF6}",
        "Feet": 588.60728154000003,
        "Miles": 0.11147865,
        "ShapeSTLength": 588.6072815383917
      },
      "geometry": {
        "type": "LineString",
        "coordinates": [
          [-84.275363503636797, 33.940439691328798],
          [-84.273436017192481, 33.940628865478686]
        ]
      }
    },
    {
      "type": "Feature",
      "properties": {
        "Type": "BIKE LANE",
        "Status": "COMPLETED",
        "Notes": null,
        "Year": "2013",
        "OBJECTID_1": 156,
        "GlobalID": "{7C8B6F6D-AE0C-4E7B-B971-B047A0940C8B}",
        "Feet": 508.77107282999998,
        "Miles": 0.09635816,
        "ShapeSTLength": 508.77107283453557
      },
      "geometry": {
        "type": "LineString",
        "coordinates": [
          [-84.316762302888677, 33.931876846349219],
          [-84.316726301714439, 33.932028040455236],
          [-84.316723024054056, 33.932039037127623],
          [-84.316454796757867, 33.933251308156905]
        ]
      }
    },
    {
      "type": "Feature",
      "properties": {
        "Type": "BIKE LANE",
        "Status": "COMPLETED",
        "Notes": null,
        "Year": "2013",
        "OBJECTID_1": 157,
        "GlobalID": "{43EC8833-2631-473F-B1DD-5C81BF617F54}",
        "Feet": 136.31219168000001,
        "Miles": 0.0258167,
        "ShapeSTLength": 136.31219168636176
      },
      "geometry": {
        "type": "LineString",
        "coordinates": [
          [-84.316454796757867, 33.933251308156905],
          [-84.316373016474685, 33.933619663150303]
        ]
      }
    },
    {
      "type": "Feature",
      "properties": {
        "Type": "BIKE ROUTE",
        "Status": "EXISTING",
        "Notes": "Width suitable for lane.",
        "Year": null,
        "OBJECTID_1": 158,
        "GlobalID": "{114B8BCC-A218-42CE-862E-6C7595C185F3}",
        "Feet": 396.52641053000002,
        "Miles": 0.0750997,
        "ShapeSTLength": 396.52641052586512
      },
      "geometry": {
        "type": "LineString",
        "coordinates": [
          [-84.284914881071373, 33.946985277315605],
          [-84.284410972308962, 33.94743096377735],
          [-84.284249578107179, 33.947565778066689],
          [-84.284107953590549, 33.947689580628698],
          [-84.284011324548757, 33.947772878661986]
        ]
      }
    },
    {
      "type": "Feature",
      "properties": {
        "Type": "BIKE ROUTE",
        "Status": "EXISTING",
        "Notes": null,
        "Year": null,
        "OBJECTID_1": 159,
        "GlobalID": "{32788564-E5FA-4A05-AA2B-64B0C6A5D546}",
        "Feet": 148.16457289,
        "Miles": 0.02806147,
        "ShapeSTLength": 148.1645728895819
      },
      "geometry": {
        "type": "LineString",
        "coordinates": [
          [-84.284011324548757, 33.947772878661986],
          [-84.283946554654776, 33.947821647258493],
          [-84.283939967086312, 33.947827149861652],
          [-84.283910326785957, 33.947854659731739],
          [-84.283834902836958, 33.947925028812321],
          [-84.283669890009534, 33.948063748926877]
        ]
      }
    },
    {
      "type": "Feature",
      "properties": {
        "Type": "BIKE ROUTE",
        "Status": "EXISTING",
        "Notes": null,
        "Year": null,
        "OBJECTID_1": 160,
        "GlobalID": "{5EE7E3C9-EC5E-47DA-BC84-D209FFD3D29C}",
        "Feet": 814.05037696,
        "Miles": 0.15417621,
        "ShapeSTLength": 814.05037696295028
      },
      "geometry": {
        "type": "LineString",
        "coordinates": [
          [-84.294493470656761, 33.939871682442117],
          [-84.295254214988844, 33.94145108881812],
          [-84.29540997025326, 33.941970331258744]
        ]
      }
    },
    {
      "type": "Feature",
      "properties": {
        "Type": "BIKE ROUTE",
        "Status": "EXISTING",
        "Notes": null,
        "Year": null,
        "OBJECTID_1": 161,
        "GlobalID": "{06EA2DF6-CCBE-4A04-87DF-8659D7A4F294}",
        "Feet": 706.23100158,
        "Miles": 0.13375587,
        "ShapeSTLength": 706.23100157554222
      },
      "geometry": {
        "type": "LineString",
        "coordinates": [
          [-84.29540997025326, 33.941970331258744],
          [-84.295636616988702, 33.94358052184829],
          [-84.29567639708111, 33.943720636600787],
          [-84.295749188630765, 33.943885451118931]
        ]
      }
    },
    {
      "type": "Feature",
      "properties": {
        "Type": "BIKE ROUTE",
        "Status": null,
        "Notes": null,
        "Year": null,
        "OBJECTID_1": 162,
        "GlobalID": "{C7C51B2A-49A4-439B-8C71-4CAA3D4EA3A1}",
        "Feet": 51.85960108,
        "Miles": 0.00982189,
        "ShapeSTLength": 51.859601086129778
      },
      "geometry": {
        "type": "LineString",
        "coordinates": [
          [-84.304659848518725, 33.948624622253163],
          [-84.30472951250286, 33.948754779827709]
        ]
      }
    },
    {
      "type": "Feature",
      "properties": {
        "Type": "BIKE ROUTE",
        "Status": "EXISTING",
        "Notes": null,
        "Year": null,
        "OBJECTID_1": 163,
        "GlobalID": "{661D4447-73C9-45E2-886D-E435CB92C473}",
        "Feet": 195.20765527,
        "Miles": 0.03697115,
        "ShapeSTLength": 195.20765527510818
      },
      "geometry": {
        "type": "LineString",
        "coordinates": [
          [-84.295749188630765, 33.943885451118931],
          [-84.296194925632832, 33.944272475156602]
        ]
      }
    },
    {
      "type": "Feature",
      "properties": {
        "Type": "BIKE ROUTE",
        "Status": "EXISTING",
        "Notes": null,
        "Year": null,
        "OBJECTID_1": 164,
        "GlobalID": "{1DEBD121-CBCB-4D9F-A41E-9E8969BF8309}",
        "Feet": 131.21563287000001,
        "Miles": 0.02485145,
        "ShapeSTLength": 131.21563287191091
      },
      "geometry": {
        "type": "LineString",
        "coordinates": [
          [-84.296194925632832, 33.944272475156602],
          [-84.296396335842914, 33.944448145649332],
          [-84.296482210647824, 33.944541492737777]
        ]
      }
    },
    {
      "type": "Feature",
      "properties": {
        "Type": "BIKE LANE",
        "Status": "PLANNED",
        "Notes": null,
        "Year": null,
        "OBJECTID_1": 165,
        "GlobalID": "{1CF15BBF-C7EA-4258-9C97-7EE1D9264CC3}",
        "Feet": 321.00157179000001,
        "Miles": 0.06079575,
        "ShapeSTLength": 321.00157178898695
      },
      "geometry": {
        "type": "LineString",
        "coordinates": [
          [-84.310999137490199, 33.943541485353769],
          [-84.309940670174839, 33.943539973490466]
        ]
      }
    },
    {
      "type": "Feature",
      "properties": {
        "Type": "BIKE LANE",
        "Status": "PROGRAMMED",
        "Notes": null,
        "Year": null,
        "OBJECTID_1": 166,
        "GlobalID": "{A2404EBD-0A43-45E1-98C9-CFB88506BB51}",
        "Feet": 604.85789215,
        "Miles": 0.11455642,
        "ShapeSTLength": 604.85789215171667
      },
      "geometry": {
        "type": "LineString",
        "coordinates": [
          [-84.298762495695868, 33.941408900481676],
          [-84.299149281770184, 33.94205430571018],
          [-84.299165810991667, 33.94208176958152],
          [-84.299324492058986, 33.94234542262582],
          [-84.299430284249482, 33.942523940263477],
          [-84.299433585862943, 33.942526684868845],
          [-84.299588921053498, 33.942757363172873],
          [-84.299674853195953, 33.942886435048628]
        ]
      }
    },
    {
      "type": "Feature",
      "properties": {
        "Type": "BIKE LANE",
        "Status": "PLANNED",
        "Notes": null,
        "Year": null,
        "OBJECTID_1": 167,
        "GlobalID": "{F0BE4E5B-6646-41E5-9B26-C3619B958066}",
        "Feet": 346.01296965,
        "Miles": 0.06553276,
        "ShapeSTLength": 346.01296965191148
      },
      "geometry": {
        "type": "LineString",
        "coordinates": [
          [-84.309940670174839, 33.943539973490466],
          [-84.308799759103891, 33.943533051402078]
        ]
      }
    },
    {
      "type": "Feature",
      "properties": {
        "Type": "BIKE LANE",
        "Status": "PROGRAMMED",
        "Notes": null,
        "Year": null,
        "OBJECTID_1": 168,
        "GlobalID": "{77D84335-14C9-4E91-AF5B-5C9FB9E527B8}",
        "Feet": 340.64393088999998,
        "Miles": 0.0645159,
        "ShapeSTLength": 340.64393088618721
      },
      "geometry": {
        "type": "LineString",
        "coordinates": [
          [-84.299674853195953, 33.942886435048628],
          [-84.299916130042931, 33.943251680150581],
          [-84.29998553343556, 33.943353288033208],
          [-84.300041704600432, 33.943427427656452],
          [-84.300119207124737, 33.943507059397525],
          [-84.300279499310918, 33.943671756519564]
        ]
      }
    },
    {
      "type": "Feature",
      "properties": {
        "Type": "BIKE LANE",
        "Status": "PLANNED",
        "Notes": null,
        "Year": null,
        "OBJECTID_1": 169,
        "GlobalID": "{2B985F70-818F-4441-9CD3-10F4A0EEC05B}",
        "Feet": 809.09248714,
        "Miles": 0.15323721,
        "ShapeSTLength": 809.09248713843829
      },
      "geometry": {
        "type": "LineString",
        "coordinates": [
          [-84.308799759103891, 33.943533051402078],
          [-84.306131862238686, 33.943534274835649]
        ]
      }
    },
    {
      "type": "Feature",
      "properties": {
        "Type": "BIKE ROUTE",
        "Status": null,
        "Notes": null,
        "Year": null,
        "OBJECTID_1": 170,
        "GlobalID": "{7AA90324-7B37-493B-8225-8763F45877BB}",
        "Feet": 324.35368476000002,
        "Miles": 0.06143062,
        "ShapeSTLength": 324.35368475864078
      },
      "geometry": {
        "type": "LineString",
        "coordinates": [
          [-84.300279499310918, 33.943671756519564],
          [-84.300540384709578, 33.943921557037584],
          [-84.300830914916276, 33.944149338468947],
          [-84.301035591806198, 33.944300265222509]
        ]
      }
    },
    {
      "type": "Feature",
      "properties": {
        "Type": "BIKE LANE",
        "Status": "COMPLETED",
        "Notes": null,
        "Year": null,
        "OBJECTID_1": 171,
        "GlobalID": "{E400F5BB-F61F-4422-ADD5-F568548CF9CF}",
        "Feet": 83.999832,
        "Miles": 0.01590906,
        "ShapeSTLength": 83.999832
      },
      "geometry": {
        "type": "LineString",
        "coordinates": [
          [-84.328561054994807, 33.94353063746594],
          [-84.328284074933279, 33.943531001370012]
        ]
      }
    },
    {
      "type": "Feature",
      "properties": {
        "Type": "BIKE LANE",
        "Status": "COMPLETED",
        "Notes": null,
        "Year": null,
        "OBJECTID_1": 172,
        "GlobalID": "{14CCB17E-C715-4489-B950-15B17321629B}",
        "Feet": 381.40244246999998,
        "Miles": 0.07223531,
        "ShapeSTLength": 381.40244247355849
      },
      "geometry": {
        "type": "LineString",
        "coordinates": [
          [-84.328284074933279, 33.943531001370012],
          [-84.327026441440225, 33.943530716360556]
        ]
      }
    },
    {
      "type": "Feature",
      "properties": {
        "Type": "BIKE LANE",
        "Status": "COMPLETED",
        "Notes": null,
        "Year": null,
        "OBJECTID_1": 173,
        "GlobalID": "{6AC6A38F-955F-477A-85D6-EDF24AE636BA}",
        "Feet": 445.59828975,
        "Miles": 0.08439362,
        "ShapeSTLength": 445.59828974539403
      },
      "geometry": {
        "type": "LineString",
        "coordinates": [
          [-84.327026441440225, 33.943530716360556],
          [-84.325557129501234, 33.943531802675317]
        ]
      }
    },
    {
      "type": "Feature",
      "properties": {
        "Type": "BIKE ROUTE",
        "Status": "EXISTING",
        "Notes": null,
        "Year": null,
        "OBJECTID_1": 174,
        "GlobalID": "{F91C3733-295E-40BD-B868-90B1534CDECF}",
        "Feet": 354.3961571,
        "Miles": 0.06712048,
        "ShapeSTLength": 354.39615709815598
      },
      "geometry": {
        "type": "LineString",
        "coordinates": [
          [-84.283652771759762, 33.94037163461406],
          [-84.283946775940493, 33.9407698400492],
          [-84.283999649316954, 33.940854982851071],
          [-84.284254023864236, 33.941206506441453]
        ]
      }
    },
    {
      "type": "Feature",
      "properties": {
        "Type": "BIKE ROUTE",
        "Status": "EXISTING",
        "Notes": null,
        "Year": null,
        "OBJECTID_1": 175,
        "GlobalID": "{0F4A6C3D-0A9E-428A-8104-6BB3C78A8588}",
        "Feet": 205.80091259,
        "Miles": 0.03897745,
        "ShapeSTLength": 205.80091259033475
      },
      "geometry": {
        "type": "LineString",
        "coordinates": [
          [-84.284254023864236, 33.941206506441453],
          [-84.284600912004109, 33.941692601067444]
        ]
      }
    },
    {
      "type": "Feature",
      "properties": {
        "Type": "BIKE ROUTE",
        "Status": "EXISTING",
        "Notes": null,
        "Year": null,
        "OBJECTID_1": 176,
        "GlobalID": "{ED7FBFB7-6499-4915-A53F-EC241EF44F2F}",
        "Feet": 346.17965102,
        "Miles": 0.06556433,
        "ShapeSTLength": 346.17965101685525
      },
      "geometry": {
        "type": "LineString",
        "coordinates": [
          [-84.284600912004109, 33.941692601067444],
          [-84.284852028369016, 33.942068859987394],
          [-84.284878448804278, 33.942099064453721],
          [-84.284951157359401, 33.942219913943219],
          [-84.285119764173274, 33.942538540032778]
        ]
      }
    },
    {
      "type": "Feature",
      "properties": {
        "Type": "BIKE ROUTE",
        "Status": "EXISTING",
        "Notes": null,
        "Year": null,
        "OBJECTID_1": 177,
        "GlobalID": "{26C2C3A9-94AA-45B1-B5A9-F84F94BDC0CA}",
        "Feet": 630.62976563999996,
        "Miles": 0.11943746,
        "ShapeSTLength": 630.6297656372044
      },
      "geometry": {
        "type": "LineString",
        "coordinates": [
          [-84.285119764173274, 33.942538540032778],
          [-84.285261984647022, 33.942851694059314],
          [-84.285407568406569, 33.943211564382707],
          [-84.285779812015207, 33.944181628270137]
        ]
      }
    },
    {
      "type": "Feature",
      "properties": {
        "Type": "BIKE ROUTE",
        "Status": "EXISTING",
        "Notes": "Width suitable for lane.",
        "Year": null,
        "OBJECTID_1": 178,
        "GlobalID": "{2C4C56BB-E083-4FAD-B465-37C935415719}",
        "Feet": 775.06137780999995,
        "Miles": 0.14679193,
        "ShapeSTLength": 775.06137781494715
      },
      "geometry": {
        "type": "LineString",
        "coordinates": [
          [-84.285779812015207, 33.944181628270137],
          [-84.285907312441921, 33.944530203575738],
          [-84.285947061717351, 33.94465932883822],
          [-84.285980235413774, 33.944802202185102],
          [-84.286000188771894, 33.944923102112078],
          [-84.286007021436419, 33.945093481723148],
          [-84.285997478070826, 33.945343574887524],
          [-84.28596152040943, 33.945568960155398],
          [-84.285899175095494, 33.945788873732148],
          [-84.285810430451349, 33.945995071997608],
          [-84.285662380264966, 33.946237054569494]
        ]
      }
    },
    {
      "type": "Feature",
      "properties": {
        "Type": "BIKE ROUTE",
        "Status": "EXISTING",
        "Notes": null,
        "Year": null,
        "OBJECTID_1": 179,
        "GlobalID": "{FCF85174-8627-4802-901C-AC78B866174A}",
        "Feet": 72.83574923,
        "Miles": 0.01379465,
        "ShapeSTLength": 72.835749225692666
      },
      "geometry": {
        "type": "LineString",
        "coordinates": [
          [-84.285086159144981, 33.946844955406931],
          [-84.284914881071373, 33.946985277315605]
        ]
      }
    },
    {
      "type": "Feature",
      "properties": {
        "Type": "BIKE ROUTE",
        "Status": null,
        "Notes": null,
        "Year": null,
        "OBJECTID_1": 180,
        "GlobalID": "{443C6030-8552-4EAB-8A1B-1698417AE87B}",
        "Feet": 506.46246245999998,
        "Miles": 0.09592092,
        "ShapeSTLength": 506.46246245824562
      },
      "geometry": {
        "type": "LineString",
        "coordinates": [
          [-84.302959639957635, 33.946279414424694],
          [-84.303331111938192, 33.946683149490539],
          [-84.303669216193938, 33.947100395378087],
          [-84.303820201963219, 33.947342165719611],
          [-84.303883005021277, 33.947435534190149]
        ]
      }
    },
    {
      "type": "Feature",
      "properties": {
        "Type": "BIKE LANE",
        "Status": "COMPLETED",
        "Notes": null,
        "Year": null,
        "OBJECTID_1": 181,
        "GlobalID": "{A68EC32F-F7D2-4976-B659-73C9BFEC3F2C}",
        "Feet": 501.84367139,
        "Miles": 0.09504615,
        "ShapeSTLength": 501.8436713914287
      },
      "geometry": {
        "type": "LineString",
        "coordinates": [
          [-84.330215817446629, 33.943531566439709],
          [-84.329800872610789, 33.943529000922091],
          [-84.328561054994807, 33.94353063746594]
        ]
      }
    },
    {
      "type": "Feature",
      "properties": {
        "Type": "BIKE LANE",
        "Status": "COMPLETED",
        "Notes": null,
        "Year": null,
        "OBJECTID_1": 182,
        "GlobalID": "{41506EF1-0002-4BE6-B002-C803ECD34B75}",
        "Feet": 143.00004208,
        "Miles": 0.02708334,
        "ShapeSTLength": 143.00004208333331
      },
      "geometry": {
        "type": "LineString",
        "coordinates": [
          [-84.325557129501234, 33.943531802675317],
          [-84.325085602759799, 33.943532410302964]
        ]
      }
    },
    {
      "type": "Feature",
      "properties": {
        "Type": "BIKE LANE",
        "Status": "COMPLETED",
        "Notes": null,
        "Year": null,
        "OBJECTID_1": 183,
        "GlobalID": "{8210C410-F100-47FC-A1DD-961DB8AD61FB}",
        "Feet": 812.00555825000004,
        "Miles": 0.15378893,
        "ShapeSTLength": 812.00555824739683
      },
      "geometry": {
        "type": "LineString",
        "coordinates": [
          [-84.325085602759799, 33.943532410302964],
          [-84.322408137723812, 33.943544070839899]
        ]
      }
    },
    {
      "type": "Feature",
      "properties": {
        "Type": "BIKE ROUTE",
        "Status": "EXISTING",
        "Notes": null,
        "Year": null,
        "OBJECTID_1": 184,
        "GlobalID": "{C0B19907-2E45-4B77-AE7A-F3FD765372BD}",
        "Feet": 354.31580391,
        "Miles": 0.06710527,
        "ShapeSTLength": 354.31580390915752
      },
      "geometry": {
        "type": "LineString",
        "coordinates": [
          [-84.285065903996085, 33.932213702004177],
          [-84.285221252957356, 33.932496615024078],
          [-84.285280788784917, 33.932633966222198],
          [-84.285472505211558, 33.932988296299158],
          [-84.285538606294253, 33.933103655663032]
        ]
      }
    },
    {
      "type": "Feature",
      "properties": {
        "Type": "BIKE LANE",
        "Status": "COMPLETED",
        "Notes": null,
        "Year": null,
        "OBJECTID_1": 185,
        "GlobalID": "{AD3D6EB1-5D09-447A-B4B8-F06BF1ED313F}",
        "Feet": 252.00213628,
        "Miles": 0.04772768,
        "ShapeSTLength": 252.00213627670527
      },
      "geometry": {
        "type": "LineString",
        "coordinates": [
          [-84.322408137723812, 33.943544070839899],
          [-84.321577199960942, 33.943547867317051]
        ]
      }
    },
    {
      "type": "Feature",
      "properties": {
        "Type": "BIKE ROUTE",
        "Status": "EXISTING",
        "Notes": null,
        "Year": null,
        "OBJECTID_1": 186,
        "GlobalID": "{BCBD69F2-9A61-40AA-A471-654C811BAB01}",
        "Feet": 955.8197488,
        "Miles": 0.18102647,
        "ShapeSTLength": 955.81974879844552
      },
      "geometry": {
        "type": "LineString",
        "coordinates": [
          [-84.285538606294253, 33.933103655663032],
          [-84.28559808193053, 33.933197036025604],
          [-84.285928646676354, 33.933817803673207],
          [-84.286093931934772, 33.934128187586637],
          [-84.28674517509458, 33.935358736924563],
          [-84.28683109585576, 33.935498809739762]
        ]
      }
    },
    {
      "type": "Feature",
      "properties": {
        "Type": "BIKE LANE",
        "Status": "COMPLETED",
        "Notes": null,
        "Year": null,
        "OBJECTID_1": 187,
        "GlobalID": "{63518C4C-B90C-4C0C-B3D8-BA1D6E8C53C4}",
        "Feet": 811.00063494000005,
        "Miles": 0.15359861,
        "ShapeSTLength": 811.00063493676339
      },
      "geometry": {
        "type": "LineString",
        "coordinates": [
          [-84.321577199960942, 33.943547867317051],
          [-84.318903021258208, 33.943553951165192]
        ]
      }
    },
    {
      "type": "Feature",
      "properties": {
        "Type": "BIKE ROUTE",
        "Status": "EXISTING",
        "Notes": null,
        "Year": null,
        "OBJECTID_1": 188,
        "GlobalID": "{3E4FB196-E2F2-4B2A-A300-8E704165CD56}",
        "Feet": 561.10713371999998,
        "Miles": 0.10627029,
        "ShapeSTLength": 561.10713372178498
      },
      "geometry": {
        "type": "LineString",
        "coordinates": [
          [-84.28683109585576, 33.935498809739762],
          [-84.287111927882805, 33.935910761634524],
          [-84.287468407059194, 33.936187978387672],
          [-84.287722502968236, 33.936341626294727],
          [-84.288138223743687, 33.936541833200202]
        ]
      }
    },
    {
      "type": "Feature",
      "properties": {
        "Type": "BIKE LANE",
        "Status": "COMPLETED",
        "Notes": null,
        "Year": null,
        "OBJECTID_1": 189,
        "GlobalID": "{8148211E-6285-4284-BD01-68D37D211A04}",
        "Feet": 797.01008394999997,
        "Miles": 0.15094888,
        "ShapeSTLength": 797.01008395387851
      },
      "geometry": {
        "type": "LineString",
        "coordinates": [
          [-84.318903021258208, 33.943553951165192],
          [-84.316274981295379, 33.9435461800498]
        ]
      }
    },
    {
      "type": "Feature",
      "properties": {
        "Type": "BIKE ROUTE",
        "Status": "EXISTING",
        "Notes": null,
        "Year": null,
        "OBJECTID_1": 190,
        "GlobalID": "{89E1FE05-2710-4C73-AEF5-E6F98C6D12BB}",
        "Feet": 191.07820251000001,
        "Miles": 0.03618905,
        "ShapeSTLength": 191.07820250665034
      },
      "geometry": {
        "type": "LineString",
        "coordinates": [
          [-84.288138223743687, 33.936541833200202],
          [-84.288342700868256, 33.936580106571874],
          [-84.288547149682657, 33.936599141548868],
          [-84.288761479263897, 33.936609921882791]
        ]
      }
    },
    {
      "type": "Feature",
      "properties": {
        "Type": "BIKE ROUTE",
        "Status": "EXISTING",
        "Notes": null,
        "Year": null,
        "OBJECTID_1": 191,
        "GlobalID": "{C92BF71F-D1B9-4663-BD64-935E915687E4}",
        "Feet": 1158.0107749599999,
        "Miles": 0.21932022,
        "ShapeSTLength": 1158.0107749632932
      },
      "geometry": {
        "type": "LineString",
        "coordinates": [
          [-84.316274981295379, 33.9435461800498],
          [-84.315335510826685, 33.943543936965945],
          [-84.312456578981354, 33.943537019990252]
        ]
      }
    },
    {
      "type": "Feature",
      "properties": {
        "Type": "BIKE ROUTE",
        "Status": "EXISTING",
        "Notes": null,
        "Year": null,
        "OBJECTID_1": 192,
        "GlobalID": "{5E3DF468-3F0F-4555-BE7E-8DA37B6DCED6}",
        "Feet": 1293.94793768,
        "Miles": 0.2450659,
        "ShapeSTLength": 1293.9479376874331
      },
      "geometry": {
        "type": "LineString",
        "coordinates": [
          [-84.288761479263897, 33.936609921882791],
          [-84.289103066723911, 33.93659305941938],
          [-84.292564174974316, 33.936422153583763],
          [-84.292908968000546, 33.936405122205329],
          [-84.29301861589326, 33.936422209233818]
        ]
      }
    },
    {
      "type": "Feature",
      "properties": {
        "Type": "BIKE ROUTE",
        "Status": "EXISTING",
        "Notes": null,
        "Year": null,
        "OBJECTID_1": 193,
        "GlobalID": "{A73D408F-25E9-4B6A-B81D-22A91ACBA70F}",
        "Feet": 369.99991617000001,
        "Miles": 0.07007574,
        "ShapeSTLength": 369.99991616666659
      },
      "geometry": {
        "type": "LineString",
        "coordinates": [
          [-84.312456578981354, 33.943537019990252],
          [-84.312254500594804, 33.943537259114969],
          [-84.311236544547214, 33.943538458645683]
        ]
      }
    },
    {
      "type": "Feature",
      "properties": {
        "Type": "BIKE LANE",
        "Status": "EXISTING",
        "Notes": null,
        "Year": null,
        "OBJECTID_1": 194,
        "GlobalID": "{DE3C917B-9F62-412B-B5C9-6ECD020D7196}",
        "Feet": 1424.1838998400001,
        "Miles": 0.2697318,
        "ShapeSTLength": 1424.1838998419223
      },
      "geometry": {
        "type": "LineString",
        "coordinates": [
          [-84.294710435205133, 33.937217033641332],
          [-84.296740457752222, 33.938726088877907],
          [-84.297199319185381, 33.939085614094516],
          [-84.297405840527205, 33.93926993151976],
          [-84.297506325227289, 33.939372026303587],
          [-84.297606087874229, 33.939484229039323],
          [-84.297818847262505, 33.93982361490221],
          [-84.297939322000104, 33.940013709610909]
        ]
      }
    },
    {
      "type": "Feature",
      "properties": {
        "Type": "BIKE LANE",
        "Status": "EXISTING",
        "Notes": null,
        "Year": null,
        "OBJECTID_1": 195,
        "GlobalID": "{F4F4D2C8-5D07-4C4D-B3F4-D41E09B80E2B}",
        "Feet": 565.76032248000001,
        "Miles": 0.10715158,
        "ShapeSTLength": 565.76032247852311
      },
      "geometry": {
        "type": "LineString",
        "coordinates": [
          [-84.297939322000104, 33.940013709610909],
          [-84.298097988070481, 33.940271868918771],
          [-84.298762495695868, 33.941408900481676]
        ]
      }
    },
    {
      "type": "Feature",
      "properties": {
        "Type": "BIKE ROUTE",
        "Status": null,
        "Notes": null,
        "Year": null,
        "OBJECTID_1": 196,
        "GlobalID": "{B3161431-0897-4832-B847-DD4EA41A435A}",
        "Feet": 300.31896332999997,
        "Miles": 0.05687859,
        "ShapeSTLength": 300.31896332791416
      },
      "geometry": {
        "type": "LineString",
        "coordinates": [
          [-84.301035591806198, 33.944300265222509],
          [-84.301227085138009, 33.944453953303899],
          [-84.301438414612107, 33.94464059734559],
          [-84.30159361922675, 33.944783332808825],
          [-84.301709220366192, 33.944904125301498]
        ]
      }
    },
    {
      "type": "Feature",
      "properties": {
        "Type": "BIKE ROUTE",
        "Status": null,
        "Notes": null,
        "Year": null,
        "OBJECTID_1": 197,
        "GlobalID": "{35D477A6-0BBD-4EE4-B2D0-D3238A22E529}",
        "Feet": 310.99709316000002,
        "Miles": 0.05890096,
        "ShapeSTLength": 310.99709315699209
      },
      "geometry": {
        "type": "LineString",
        "coordinates": [
          [-84.301709220366192, 33.944904125301498],
          [-84.301996563955456, 33.945197864278441],
          [-84.302335880502042, 33.945580360237713]
        ]
      }
    },
    {
      "type": "Feature",
      "properties": {
        "Type": "BIKE ROUTE",
        "Status": "EXISTING",
        "Notes": null,
        "Year": null,
        "OBJECTID_1": 198,
        "GlobalID": "{2EFD5312-9634-455B-B5FD-FADD0DA0A65F}",
        "Feet": 492.75207488000001,
        "Miles": 0.09332426,
        "ShapeSTLength": 282.46547029847147
      },
      "geometry": {
        "type": "LineString",
        "coordinates": [
          [-84.303883005021277, 33.947435534190149],
          [-84.304054866544845, 33.947677180878969],
          [-84.30426313815434, 33.948003980582754],
          [-84.304335497927511, 33.948113840631478]
        ]
      }
    },
    {
      "type": "Feature",
      "properties": {
        "Type": "BIKE ROUTE",
        "Status": null,
        "Notes": null,
        "Year": null,
        "OBJECTID_1": 199,
        "GlobalID": "{1ADF7F43-8E38-47CB-9EED-C0BEFADFC2EC}",
        "Feet": 693.39511191999998,
        "Miles": 0.13132483,
        "ShapeSTLength": 693.3951119193747
      },
      "geometry": {
        "type": "LineString",
        "coordinates": [
          [-84.30500111006225, 33.949619076771434],
          [-84.305060805292896, 33.949827870003645],
          [-84.305064125163085, 33.949841607082085],
          [-84.305107203476211, 33.949970722264162],
          [-84.305146979831846, 33.950097093882292],
          [-84.305229946343118, 33.950421283634711],
          [-84.305256510195292, 33.950533929269369],
          [-84.305316255719504, 33.950772952067041],
          [-84.305326362649993, 33.950904852443536],
          [-84.305406024035989, 33.951223550334056],
          [-84.305472397083179, 33.951481803589722]
        ]
      }
    },
    {
      "type": "Feature",
      "properties": {
        "Type": "BIKE ROUTE",
        "Status": "EXISTING",
        "Notes": null,
        "Year": null,
        "OBJECTID_1": 200,
        "GlobalID": "{82C8948E-4796-4D87-A6D5-AF27012EFE58}",
        "Feet": 410.83538031000001,
        "Miles": 0.07780973,
        "ShapeSTLength": 410.83538031543048
      },
      "geometry": {
        "type": "LineString",
        "coordinates": [
          [-84.293961186487522, 33.936698093833002],
          [-84.293947347582673, 33.936754619607115],
          [-84.293885810411197, 33.937005967498003],
          [-84.293856320074411, 33.937129665538109],
          [-84.293836692487716, 33.937234116205119],
          [-84.29379739632796, 33.937415535885471],
          [-84.293738439531822, 33.937679421783315],
          [-84.293718848414457, 33.937808605896791]
        ]
      }
    },
    {
      "type": "Feature",
      "properties": {
        "Type": "BIKE ROUTE",
        "Status": "EXISTING",
        "Notes": null,
        "Year": null,
        "OBJECTID_1": 201,
        "GlobalID": "{2E0FD9B1-B25B-4FAB-A1AB-E5D4E59C9871}",
        "Feet": 282.09341868000001,
        "Miles": 0.05342678,
        "ShapeSTLength": 282.09341868291051
      },
      "geometry": {
        "type": "LineString",
        "coordinates": [
          [-84.293718848414457, 33.937808605896791],
          [-84.293699416411357, 33.938044969290061],
          [-84.293702807459781, 33.938108173652239],
          [-84.29371279287362, 33.938171371209577],
          [-84.293736024188121, 33.938273029445121],
          [-84.293769138956165, 33.938369182038542],
          [-84.29385515597113, 33.93856421311957]
        ]
      }
    },
    {
      "type": "Feature",
      "properties": {
        "Type": "BIKE ROUTE",
        "Status": "EXISTING",
        "Notes": null,
        "Year": null,
        "OBJECTID_1": 202,
        "GlobalID": "{82EDEDAC-597D-48FE-A63C-69CB3E441D8E}",
        "Feet": 346.32503057000002,
        "Miles": 0.06559186,
        "ShapeSTLength": 346.32503056618862
      },
      "geometry": {
        "type": "LineString",
        "coordinates": [
          [-84.29385515597113, 33.93856421311957],
          [-84.294285108620784, 33.939445931778742]
        ]
      }
    },
    {
      "type": "Feature",
      "properties": {
        "Type": "BIKE ROUTE",
        "Status": "EXISTING",
        "Notes": null,
        "Year": null,
        "OBJECTID_1": 203,
        "GlobalID": "{00B8142A-A77F-4732-8D72-78D1C69921E2}",
        "Feet": 167.31404522,
        "Miles": 0.03168827,
        "ShapeSTLength": 167.31404522588508
      },
      "geometry": {
        "type": "LineString",
        "coordinates": [
          [-84.294285108620784, 33.939445931778742],
          [-84.294493470656761, 33.939871682442117]
        ]
      }
    },
    {
      "type": "Feature",
      "properties": {
        "Type": "BIKE LANE",
        "Status": "PLANNED",
        "Notes": null,
        "Year": null,
        "OBJECTID_1": 204,
        "GlobalID": "{43190A7B-53DF-46B0-B8EC-CA056DDCDA16}",
        "Feet": 72.00680009,
        "Miles": 0.01363765,
        "ShapeSTLength": 72.006800095690537
      },
      "geometry": {
        "type": "LineString",
        "coordinates": [
          [-84.311236544547214, 33.943538458645683],
          [-84.310999137490199, 33.943541485353769]
        ]
      }
    },
    {
      "type": "Feature",
      "properties": {
        "Type": "BIKE ROUTE",
        "Status": "EXISTING",
        "Notes": null,
        "Year": null,
        "OBJECTID_1": 205,
        "GlobalID": "{31FD1252-B7E8-42CC-91CD-C44C6F2DB275}",
        "Feet": 1268.4213931700001,
        "Miles": 0.24023132,
        "ShapeSTLength": 1268.4213931723134
      },
      "geometry": {
        "type": "LineString",
        "coordinates": [
          [-84.296482210647824, 33.944541492737777],
          [-84.296634151166671, 33.944711719555961],
          [-84.29668707303334, 33.944818842102869],
          [-84.296723658297196, 33.945024915811352],
          [-84.296723867278814, 33.945162324722283],
          [-84.296700981541903, 33.945291512629865],
          [-84.296655013521899, 33.945420724903684],
          [-84.296585950588323, 33.945541717038182],
          [-84.295852072298246, 33.946507097638182],
          [-84.295680767004527, 33.946617203833384],
          [-84.29539404950927, 33.946727430518727],
          [-84.295252367085965, 33.946801779007139],
          [-84.295107437518908, 33.946909109587594],
          [-84.29494281315948, 33.947076919220557],
          [-84.294824242361443, 33.947170480276235],
          [-84.294637780002049, 33.947245436375269]
        ]
      }
    },
    {
      "type": "Feature",
      "properties": {
        "Type": "BIKE LANE",
        "Status": "COMPLETED",
        "Notes": null,
        "Year": null,
        "OBJECTID_1": 206,
        "GlobalID": "{F6B19438-57D7-4970-A84C-BE13AFCDC1F9}",
        "Feet": 429.17895707999998,
        "Miles": 0.08128389,
        "ShapeSTLength": 429.17895707598188
      },
      "geometry": {
        "type": "LineString",
        "coordinates": [
          [-84.331630950004538, 33.943540303244887],
          [-84.330215817446629, 33.943531566439709]
        ]
      }
    },
    {
      "type": "Feature",
      "properties": {
        "Type": "BIKE ROUTE",
        "Status": "EXISTING",
        "Notes": null,
        "Year": null,
        "OBJECTID_1": 207,
        "GlobalID": "{5B5FA356-DFB1-43B5-A053-E55F44A0F125}",
        "Feet": 463.01417335999997,
        "Miles": 0.08769208,
        "ShapeSTLength": 463.01417335339596
      },
      "geometry": {
        "type": "LineString",
        "coordinates": [
          [-84.282912677815773, 33.939264822285658],
          [-84.282919495549777, 33.939285835545043],
          [-84.282928565942115, 33.939314315778446],
          [-84.282928553519696, 33.939317114449182],
          [-84.282945153621682, 33.939361945840915],
          [-84.282971754858039, 33.939423600310342],
          [-84.283055073736833, 33.939572186808441],
          [-84.283652771759762, 33.94037163461406]
        ]
      }
    },
    {
      "type": "Feature",
      "properties": {
        "Type": "BIKE ROUTE",
        "Status": "EXISTING",
        "Notes": null,
        "Year": null,
        "OBJECTID_1": 208,
        "GlobalID": "{320A802F-43D2-41B6-BF6A-B69014CEA193}",
        "Feet": 649.79432827999995,
        "Miles": 0.12306711,
        "ShapeSTLength": 649.79432827680751
      },
      "geometry": {
        "type": "LineString",
        "coordinates": [
          [-84.283669890009534, 33.948063748926877],
          [-84.283564507014873, 33.948165531096571],
          [-84.282984814600781, 33.948666246859339],
          [-84.282668644196761, 33.948960599577866],
          [-84.282573155435117, 33.949065119726619],
          [-84.282448051255287, 33.949216387334396],
          [-84.28238221068689, 33.949298894137854],
          [-84.282299945106331, 33.949428135109002]
        ]
      }
    },
    {
      "type": "Feature",
      "properties": {
        "Type": "BIKE ROUTE",
        "Status": "EXISTING",
        "Notes": null,
        "Year": null,
        "OBJECTID_1": 209,
        "GlobalID": "{8CF668B9-67D0-48CD-9B58-9E144091EB35}",
        "Feet": 642.6024874,
        "Miles": 0.12170502,
        "ShapeSTLength": 642.60248739353267
      },
      "geometry": {
        "type": "LineString",
        "coordinates": [
          [-84.282299945106331, 33.949428135109002],
          [-84.282168317837815, 33.949634371814646],
          [-84.281878863904609, 33.950181528389493],
          [-84.28145792658043, 33.951047594676609]
        ]
      }
    },
    {
      "type": "Feature",
      "properties": {
        "Type": "BIKE ROUTE",
        "Status": "EXISTING",
        "Notes": null,
        "Year": null,
        "OBJECTID_1": 210,
        "GlobalID": "{D0F9F8A4-28F1-4FE1-8F59-0115FF126A30}",
        "Feet": 591.64758427000004,
        "Miles": 0.11205447,
        "ShapeSTLength": 591.64758427545655
      },
      "geometry": {
        "type": "LineString",
        "coordinates": [
          [-84.28145792658043, 33.951047594676609],
          [-84.28105014585816, 33.951894410052958],
          [-84.280787033328636, 33.952422302264175],
          [-84.280724552425781, 33.95255427194224]
        ]
      }
    },
    {
      "type": "Feature",
      "properties": {
        "Type": "BIKE ROUTE",
        "Status": "EXISTING",
        "Notes": null,
        "Year": null,
        "OBJECTID_1": 211,
        "GlobalID": "{00A246B2-1C5D-42C9-B72F-587F2AF671B8}",
        "Feet": 312.61312003,
        "Miles": 0.05920703,
        "ShapeSTLength": 312.61312003417476
      },
      "geometry": {
        "type": "LineString",
        "coordinates": [
          [-84.27179707277007, 33.941437626620129],
          [-84.271744184559012, 33.941506925941574],
          [-84.271540770909496, 33.941768724341664],
          [-84.271477475583083, 33.941841730894112],
          [-84.271423205085114, 33.941889573367881],
          [-84.271349302677635, 33.941927371226377],
          [-84.271252736290336, 33.941943804345847],
          [-84.271172751200723, 33.941943872263941],
          [-84.271067047415556, 33.941943988088163]
        ]
      }
    },
    {
      "type": "Feature",
      "properties": {
        "Type": "BIKE ROUTE",
        "Status": "EXISTING",
        "Notes": null,
        "Year": null,
        "OBJECTID_1": 212,
        "GlobalID": "{C261F498-67A8-4B54-B74B-DC5A6340CF70}",
        "Feet": 476.38571242,
        "Miles": 0.09022457,
        "ShapeSTLength": 476.38571242214658
      },
      "geometry": {
        "type": "LineString",
        "coordinates": [
          [-84.294637780002049, 33.947245436375269],
          [-84.294349701065514, 33.947374338369563],
          [-84.294184988256745, 33.947484435635104],
          [-84.294076418172608, 33.94765218602371],
          [-84.294013973544963, 33.947792406973399],
          [-84.294001106652487, 33.948009526097252],
          [-84.294057611452018, 33.948309018346499]
        ]
      }
    },
    {
      "type": "Feature",
      "properties": {
        "Type": "BIKE ROUTE",
        "Status": "EXISTING",
        "Notes": null,
        "Year": null,
        "OBJECTID_1": 213,
        "GlobalID": "{81EE206C-CC14-472C-8CAF-4F42DEE5BBE0}",
        "Feet": 911.30681525,
        "Miles": 0.17259599,
        "ShapeSTLength": 911.30681524423051
      },
      "geometry": {
        "type": "LineString",
        "coordinates": [
          [-84.294057611452018, 33.948309018346499],
          [-84.294120502893961, 33.948468346719615],
          [-84.294127114434829, 33.948479332527384],
          [-84.294137031749315, 33.948495811238338],
          [-84.294150250743854, 33.94851503469264],
          [-84.294199809786434, 33.948578191115516],
          [-84.294701762298402, 33.949058599532727],
          [-84.294767826544458, 33.949132731205118],
          [-84.294797574981047, 33.949179419916973],
          [-84.294833943378336, 33.94924258980474],
          [-84.294857104911259, 33.94929478078263],
          [-84.294873683613247, 33.949355223099708],
          [-84.294883654748375, 33.949407427807614],
          [-84.29489034888735, 33.949473376741125],
          [-84.294887129575628, 33.949525595185634],
          [-84.294877327383418, 33.949586064973545],
          [-84.294877331504367, 33.949588813131953],
          [-84.294857648792913, 33.949657538596938],
          [-84.294739444823477, 33.949998433783534],
          [-84.294611374675242, 33.950358577131283],
          [-84.294598270430001, 33.950416302158665],
          [-84.294595005674012, 33.950438290849782],
          [-84.294595038570193, 33.950460276113979],
          [-84.294595050906281, 33.950468520588025],
          [-84.294605079577806, 33.950559200422504]
        ]
      }
    },
    {
      "type": "Feature",
      "properties": {
        "Type": "BIKE ROUTE",
        "Status": "EXISTING",
        "Notes": null,
        "Year": null,
        "OBJECTID_1": 214,
        "GlobalID": "{067E0A26-6805-4EA2-A268-AE1406A4EFDD}",
        "Feet": 1050.47325166,
        "Miles": 0.19895327,
        "ShapeSTLength": 1050.4732516615786
      },
      "geometry": {
        "type": "LineString",
        "coordinates": [
          [-84.294605079577806, 33.950559200422504],
          [-84.294658035461708, 33.950688309000554],
          [-84.294664643129863, 33.950696546617024],
          [-84.294674564921038, 33.950715773435789],
          [-84.294700991500719, 33.950745975737838],
          [-84.294760441132453, 33.95080637346085],
          [-84.294925522380439, 33.950938113360202],
          [-84.29574426310667, 33.951544603203615],
          [-84.295962169772849, 33.951714760556754],
          [-84.296100860487059, 33.951838282086193],
          [-84.29695950613619, 33.952650833867509]
        ]
      }
    },
    {
      "type": "Feature",
      "properties": {
        "Type": "BIKE ROUTE",
        "Status": "EXISTING",
        "Notes": null,
        "Year": null,
        "OBJECTID_1": 215,
        "GlobalID": "{53064CCD-1A9E-48AF-9B30-26AE99F879C6}",
        "Feet": 557.10776586999998,
        "Miles": 0.10551283,
        "ShapeSTLength": 557.10776587022042
      },
      "geometry": {
        "type": "LineString",
        "coordinates": [
          [-84.29695950613619, 33.952650833867509],
          [-84.29739541690175, 33.953048855985124],
          [-84.29819790206227, 33.95378176190642]
        ]
      }
    },
    {
      "type": "Feature",
      "properties": {
        "Type": "BIKE ROUTE",
        "Status": "EXISTING",
        "Notes": null,
        "Year": null,
        "OBJECTID_1": 216,
        "GlobalID": "{F292849C-7A9F-4A29-910C-F23D251B7CCA}",
        "Feet": 390.74541265,
        "Miles": 0.07400481,
        "ShapeSTLength": 390.74541265215873
      },
      "geometry": {
        "type": "LineString",
        "coordinates": [
          [-84.29819790206227, 33.95378176190642],
          [-84.298511637422166, 33.954069983145018],
          [-84.298567801664433, 33.954135879731609],
          [-84.298614072599065, 33.95420178599489],
          [-84.298660369064976, 33.954284181175147],
          [-84.298693482893171, 33.954372086796866],
          [-84.298773152572096, 33.954710025941317]
        ]
      }
    },
    {
      "type": "Feature",
      "properties": {
        "Type": "BIKE ROUTE",
        "Status": "EXISTING",
        "Notes": null,
        "Year": null,
        "OBJECTID_1": 217,
        "GlobalID": "{5573565D-9876-450B-8546-21ED96748950}",
        "Feet": 1542.1767535900001,
        "Miles": 0.29207893,
        "ShapeSTLength": 1542.1767535910831
      },
      "geometry": {
        "type": "LineString",
        "coordinates": [
          [-84.298773152572096, 33.954710025941317],
          [-84.298879452055274, 33.955207329697743],
          [-84.298925859876761, 33.955361176802334],
          [-84.298978863564074, 33.955515017697586],
          [-84.299048365224564, 33.955674336242581],
          [-84.29917074901455, 33.955907798143201],
          [-84.299260025784093, 33.956058851692482],
          [-84.299342655931838, 33.956176933520936],
          [-84.299349260210846, 33.956182422721575],
          [-84.299593738794059, 33.956462472127733],
          [-84.299748980062773, 33.956616201313956],
          [-84.299973519494756, 33.956797336864739],
          [-84.300465496655534, 33.957173301793382],
          [-84.30064051859587, 33.957321512914916],
          [-84.301320995791912, 33.958021551805395],
          [-84.301466365405261, 33.958186283113179]
        ]
      }
    },
    {
      "type": "Feature",
      "properties": {
        "Type": "BIKE LANE",
        "Status": "COMPLETED",
        "Notes": null,
        "Year": null,
        "OBJECTID_1": 218,
        "GlobalID": "{8912F7EF-1495-4809-B4F1-41980BC67FF3}",
        "Feet": 1087.1277619699999,
        "Miles": 0.20589541,
        "ShapeSTLength": 1087.1277619689652
      },
      "geometry": {
        "type": "LineString",
        "coordinates": [
          [-84.303830104026787, 33.943535282845083],
          [-84.300780492687608, 33.943536551710672],
          [-84.30051345064831, 33.943567072129241],
          [-84.300279499310918, 33.943671756519564]
        ]
      }
    },
    {
      "type": "Feature",
      "properties": {
        "Type": "BIKE ROUTE",
        "Status": "EXISTING",
        "Notes": null,
        "Year": null,
        "OBJECTID_1": 219,
        "GlobalID": "{86F82451-34BC-48DE-870F-1342829B5573}",
        "Feet": 264.43545987,
        "Miles": 0.05008247,
        "ShapeSTLength": 264.43545986973191
      },
      "geometry": {
        "type": "LineString",
        "coordinates": [
          [-84.280724552425781, 33.95255427194224],
          [-84.280616059379611, 33.95280445604498],
          [-84.280566783585115, 33.952947406058257],
          [-84.280537261223785, 33.953065604323072],
          [-84.280507833932035, 33.953255255593909]
        ]
      }
    },
    {
      "type": "Feature",
      "properties": {
        "Type": "BIKE ROUTE",
        "Status": "EXISTING",
        "Notes": "Width suitable for lane.",
        "Year": null,
        "OBJECTID_1": 220,
        "GlobalID": "{1C26E860-AC5C-49F9-9BD8-F9FCBF83135C}",
        "Feet": 691.97155392000002,
        "Miles": 0.13105522,
        "ShapeSTLength": 691.97155391934382
      },
      "geometry": {
        "type": "LineString",
        "coordinates": [
          [-84.280507833932035, 33.953255255593909],
          [-84.280481748185963, 33.953477880798843],
          [-84.280481960397026, 33.953637273966613],
          [-84.280488742566007, 33.953777424827855],
          [-84.280508789106989, 33.953972525743289],
          [-84.280645346957016, 33.954983724442123],
          [-84.280648864651326, 33.955148611732668]
        ]
      }
    },
    {
      "type": "Feature",
      "properties": {
        "Type": "BIKE ROUTE",
        "Status": "EXISTING",
        "Notes": null,
        "Year": null,
        "OBJECTID_1": 221,
        "GlobalID": "{83A851AC-4FDF-4C62-8839-CF263501061A}",
        "Feet": 318.92428982000001,
        "Miles": 0.06040233,
        "ShapeSTLength": 318.92428982117377
      },
      "geometry": {
        "type": "LineString",
        "coordinates": [
          [-84.280648864651326, 33.955148611732668],
          [-84.280655687530981, 33.955318991377773],
          [-84.28062962720422, 33.955560854541524],
          [-84.28060670341479, 33.955681794825047],
          [-84.28051810417206, 33.956014405114416]
        ]
      }
    },
    {
      "type": "Feature",
      "properties": {
        "Type": "BIKE ROUTE",
        "Status": "EXISTING",
        "Notes": null,
        "Year": null,
        "OBJECTID_1": 222,
        "GlobalID": "{71561A1C-510D-4045-B1EF-B1ABB86CC587}",
        "Feet": 604.61089327000002,
        "Miles": 0.11450964,
        "ShapeSTLength": 604.61089327033562
      },
      "geometry": {
        "type": "LineString",
        "coordinates": [
          [-84.273436017192481, 33.940628865478686],
          [-84.273274222327913, 33.940647213188093],
          [-84.273077022303283, 33.94066957559113],
          [-84.272935234654327, 33.940691198313864],
          [-84.272796411329452, 33.940723526073036],
          [-84.272661710540547, 33.940766290097315],
          [-84.272532261185276, 33.940819130580863],
          [-84.272409144471965, 33.940881607517746],
          [-84.272293391752953, 33.940953197096668],
          [-84.272185969392794, 33.941033301631002],
          [-84.272087776605588, 33.941121249559849],
          [-84.271999634651507, 33.941216307177406],
          [-84.271987254590584, 33.941231219001786],
          [-84.27179707277007, 33.941437626620129]
        ]
      }
    },
    {
      "type": "Feature",
      "properties": {
        "Type": "BIKE ROUTE",
        "Status": "EXISTING",
        "Notes": null,
        "Year": null,
        "OBJECTID_1": 223,
        "GlobalID": "{042A2FB7-DD5B-476C-9CBE-2EA326006B6E}",
        "Feet": 278.17444694,
        "Miles": 0.05268455,
        "ShapeSTLength": 278.17444694104739
      },
      "geometry": {
        "type": "LineString",
        "coordinates": [
          [-84.314803453462787, 33.923991951003629],
          [-84.314348711754263, 33.924105172265136],
          [-84.314249836391937, 33.92411903166154],
          [-84.314164133333691, 33.924124630683373],
          [-84.314141055799922, 33.924124658320906],
          [-84.314114677976917, 33.924121941732352],
          [-84.314091601525405, 33.924121969359334],
          [-84.313916799437337, 33.924075459545989]
        ]
      }
    },
    {
      "type": "Feature",
      "properties": {
        "Type": "BIKE ROUTE",
        "Status": "EXISTING",
        "Notes": null,
        "Year": null,
        "OBJECTID_1": 224,
        "GlobalID": "{0E219599-1314-4BB0-98C1-F14ACFC47EA2}",
        "Feet": 893.3190666,
        "Miles": 0.16918922,
        "ShapeSTLength": 893.31906660454945
      },
      "geometry": {
        "type": "LineString",
        "coordinates": [
          [-84.313916799437337, 33.924075459545989],
          [-84.313751892158692, 33.924031685839815],
          [-84.31374199281565, 33.92402620131606],
          [-84.313735394828498, 33.924023461022344],
          [-84.313715596147645, 33.924012491971368],
          [-84.313682601504752, 33.92399604232434],
          [-84.313672702170265, 33.923990557794987],
          [-84.31366940081891, 33.923987813562469],
          [-84.313646296084968, 33.923971352099969],
          [-84.313606689338442, 33.923943917630496],
          [-84.313349183790166, 33.923729866182043],
          [-84.31326998015146, 33.923680493371435],
          [-84.31317759013541, 33.923631136197557],
          [-84.313062132238954, 33.923587302724457],
          [-84.313002764966313, 33.92357088424091],
          [-84.312940101102129, 33.923554469644202],
          [-84.312824691443822, 33.923538117625647],
          [-84.312699415436185, 33.923535518066309],
          [-84.3125477946339, 33.923549438630374],
          [-84.312475286769825, 33.923560517192698],
          [-84.312376430442697, 33.923585367757305],
          [-84.311638397123033, 33.923828078028521],
          [-84.311536266875223, 33.923866672639598],
          [-84.311480275377818, 33.923896969301659],
          [-84.311440751955203, 33.923919001158019],
          [-84.311430871366724, 33.9239245091198],
          [-84.3113222498406, 33.924023570997988]
        ]
      }
    },
    {
      "type": "Feature",
      "properties": {
        "Type": "BIKE ROUTE",
        "Status": "EXISTING",
        "Notes": null,
        "Year": null,
        "OBJECTID_1": 225,
        "GlobalID": "{8D8EF38B-4AB7-4C1C-B754-2681DFF2E7A2}",
        "Feet": 1075.72407011,
        "Miles": 0.20373562,
        "ShapeSTLength": 1075.7240701090295
      },
      "geometry": {
        "type": "LineString",
        "coordinates": [
          [-84.3113222498406, 33.924023570997988],
          [-84.311207039431736, 33.924125388685873],
          [-84.311187301379547, 33.924150145410401],
          [-84.311174138031404, 33.924163901723759],
          [-84.311151117240712, 33.924196906814245],
          [-84.311114946977725, 33.92425191271073],
          [-84.311082077949266, 33.924309662898253],
          [-84.311052528706227, 33.924381150952165],
          [-84.311029572710751, 33.924452630367867],
          [-84.311013228521816, 33.924535094721648],
          [-84.311006820618516, 33.924645029157858],
          [-84.311013585436513, 33.924746703633346],
          [-84.311129942755684, 33.925323685313913],
          [-84.31114664887275, 33.925455578008624],
          [-84.311146811261821, 33.925551763863517],
          [-84.311127202758911, 33.925653469256162],
          [-84.311100977621493, 33.925741442443019],
          [-84.311051698697355, 33.925843182615822],
          [-84.310999085869639, 33.925922941294552],
          [-84.310916821093983, 33.926013727376322],
          [-84.310485694684317, 33.926456688285079],
          [-84.310383662318372, 33.926555741605391],
          [-84.310268437088311, 33.926652062954176]
        ]
      }
    },
    {
      "type": "Feature",
      "properties": {
        "Type": "BIKE LANE",
        "Status": "COMPLETED",
        "Notes": null,
        "Year": "2011",
        "OBJECTID_1": 226,
        "GlobalID": "{11376742-482C-46A5-8FA6-ACF39298750F}",
        "Feet": 109.16479438,
        "Miles": 0.02067515,
        "ShapeSTLength": 109.16479438009152
      },
      "geometry": {
        "type": "LineString",
        "coordinates": [
          [-84.294793224727982, 33.933069640226265],
          [-84.29481345531218, 33.933369169702715]
        ]
      }
    },
    {
      "type": "Feature",
      "properties": {
        "Type": "BIKE LANE",
        "Status": "COMPLETED",
        "Notes": null,
        "Year": "2013",
        "OBJECTID_1": 227,
        "GlobalID": "{CB26110C-2205-49B0-B657-2B59D649FD5A}",
        "Feet": 926.26539021999997,
        "Miles": 0.17542905,
        "ShapeSTLength": 926.2653902189079
      },
      "geometry": {
        "type": "LineString",
        "coordinates": [
          [-84.296078579992539, 33.924037784779316],
          [-84.295980199992172, 33.924381410768113],
          [-84.295930920452051, 33.924494137632102],
          [-84.295927632100856, 33.92449963743131],
          [-84.295923375002289, 33.924512529825016],
          [-84.295636295033816, 33.925481972249408],
          [-84.295419023919109, 33.926214802358494],
          [-84.295353737582801, 33.926509156831997]
        ]
      }
    },
    {
      "type": "Feature",
      "properties": {
        "Type": "BIKE LANE",
        "Status": "COMPLETED",
        "Notes": null,
        "Year": "2011",
        "OBJECTID_1": 228,
        "GlobalID": "{284CCFDB-9CF5-450C-A53A-849E8BC7C6EE}",
        "Feet": 923.56080212999996,
        "Miles": 0.17491682,
        "ShapeSTLength": 923.56080212937286
      },
      "geometry": {
        "type": "LineString",
        "coordinates": [
          [-84.295353737582801, 33.926509156831997],
          [-84.295317894966743, 33.92678950881934],
          [-84.295311768333534, 33.927100059644367],
          [-84.295418893602459, 33.928182729439833],
          [-84.295418387473404, 33.928230941096245],
          [-84.295413794966478, 33.928724148115116],
          [-84.295374028172546, 33.929040207814595]
        ]
      }
    },
    {
      "type": "Feature",
      "properties": {
        "Type": "BIKE LANE",
        "Status": "COMPLETED",
        "Notes": null,
        "Year": "2011",
        "OBJECTID_1": 229,
        "GlobalID": "{84999212-75E2-4F9E-9F51-5A8F40881CD4}",
        "Feet": 389.99993673,
        "Miles": 0.07386362,
        "ShapeSTLength": 389.99993673599852
      },
      "geometry": {
        "type": "LineString",
        "coordinates": [
          [-84.295374028172546, 33.929040207814595],
          [-84.295212607463768, 33.929572818464429],
          [-84.29505909035025, 33.930079347252644]
        ]
      }
    },
    {
      "type": "Feature",
      "properties": {
        "Type": "BIKE LANE",
        "Status": "COMPLETED",
        "Notes": null,
        "Year": "2011",
        "OBJECTID_1": 230,
        "GlobalID": "{8EEF21D9-6876-46A5-8D6C-7D92C8D591C0}",
        "Feet": 331.44892163999998,
        "Miles": 0.06277442,
        "ShapeSTLength": 331.44892163205094
      },
      "geometry": {
        "type": "LineString",
        "coordinates": [
          [-84.29505909035025, 33.930079347252644],
          [-84.295004532459146, 33.93020522673401],
          [-84.29482910405298, 33.930609984788234],
          [-84.294737297140045, 33.930948106249552]
        ]
      }
    },
    {
      "type": "Feature",
      "properties": {
        "Type": "BIKE LANE",
        "Status": "COMPLETED",
        "Notes": null,
        "Year": "2011",
        "OBJECTID_1": 231,
        "GlobalID": "{F5D6EC08-2B55-4BB7-A8BC-43AD8F052E6C}",
        "Feet": 772.90624580999997,
        "Miles": 0.14638376,
        "ShapeSTLength": 772.90624580892484
      },
      "geometry": {
        "type": "LineString",
        "coordinates": [
          [-84.294737297140045, 33.930948106249552],
          [-84.294718586170788, 33.931157448336215],
          [-84.294713106273989, 33.931218761327408],
          [-84.294704870982542, 33.931310899433605],
          [-84.294793224727982, 33.933069640226265]
        ]
      }
    },
    {
      "type": "Feature",
      "properties": {
        "Type": "BIKE ROUTE",
        "Status": "EXISTING",
        "Notes": null,
        "Year": null,
        "OBJECTID_1": 232,
        "GlobalID": "{1891DF8F-3CAB-4AD1-A029-D8E51EE1CDB7}",
        "Feet": 170.29251189,
        "Miles": 0.03225237,
        "ShapeSTLength": 170.29251188130297
      },
      "geometry": {
        "type": "LineString",
        "coordinates": [
          [-84.297021123563283, 33.919513285635183],
          [-84.296980879153722, 33.919727080954573],
          [-84.296929092442653, 33.91997493140007]
        ]
      }
    },
    {
      "type": "Feature",
      "properties": {
        "Type": "BIKE ROUTE",
        "Status": "EXISTING",
        "Notes": null,
        "Year": null,
        "OBJECTID_1": 233,
        "GlobalID": "{5A6A47A9-97AF-496A-A816-52ED96594795}",
        "Feet": 80.1562924,
        "Miles": 0.01518112,
        "ShapeSTLength": 80.156292397121561
      },
      "geometry": {
        "type": "LineString",
        "coordinates": [
          [-84.296929092442653, 33.91997493140007],
          [-84.296885771658239, 33.920192234572035]
        ]
      }
    },
    {
      "type": "Feature",
      "properties": {
        "Type": "BIKE ROUTE",
        "Status": "EXISTING",
        "Notes": null,
        "Year": null,
        "OBJECTID_1": 234,
        "GlobalID": "{48C64C7A-2F08-4C0B-8181-11F322FE3566}",
        "Feet": 155.20690962,
        "Miles": 0.02939525,
        "ShapeSTLength": 155.20690961856914
      },
      "geometry": {
        "type": "LineString",
        "coordinates": [
          [-84.296885771658239, 33.920192234572035],
          [-84.296846272042856, 33.920431098025055],
          [-84.296801930869719, 33.920612789554355]
        ]
      }
    },
    {
      "type": "Feature",
      "properties": {
        "Type": "BIKE ROUTE",
        "Status": "EXISTING",
        "Notes": null,
        "Year": null,
        "OBJECTID_1": 235,
        "GlobalID": "{CB34474A-5DDA-44C5-B837-AE4B115F5DCF}",
        "Feet": 664.66905648,
        "Miles": 0.12588429,
        "ShapeSTLength": 664.66905647968838
      },
      "geometry": {
        "type": "LineString",
        "coordinates": [
          [-84.296801930869719, 33.920612789554355],
          [-84.296682000718548, 33.921230687658458],
          [-84.29645193866574, 33.922415965382619]
        ]
      }
    },
    {
      "type": "Feature",
      "properties": {
        "Type": "BIKE ROUTE",
        "Status": "EXISTING",
        "Notes": null,
        "Year": null,
        "OBJECTID_1": 236,
        "GlobalID": "{77491F03-DFD9-48B0-A651-05E56AA75D3F}",
        "Feet": 601.21129513000005,
        "Miles": 0.11386578,
        "ShapeSTLength": 601.21129512356413
      },
      "geometry": {
        "type": "LineString",
        "coordinates": [
          [-84.29645193866574, 33.922415965382619],
          [-84.296366873290665, 33.922842022971686],
          [-84.296219478329704, 33.923471511859987],
          [-84.29621668465191, 33.923492240613172],
          [-84.296204538866093, 33.923583854689618],
          [-84.296078579992539, 33.924037784779316]
        ]
      }
    },
    {
      "type": "Feature",
      "properties": {
        "Type": "BIKE ROUTE",
        "Status": "EXISTING",
        "Notes": null,
        "Year": null,
        "OBJECTID_1": 237,
        "GlobalID": "{32F20F18-ECCF-4A8A-9851-9E3FE704B20A}",
        "Feet": 287.95654524000003,
        "Miles": 0.05453722,
        "ShapeSTLength": 287.95654523457051
      },
      "geometry": {
        "type": "LineString",
        "coordinates": [
          [-84.281911962627717, 33.923966988767624],
          [-84.282259828819434, 33.924703297018745]
        ]
      }
    },
    {
      "type": "Feature",
      "properties": {
        "Type": "BIKE ROUTE",
        "Status": "EXISTING",
        "Notes": null,
        "Year": null,
        "OBJECTID_1": 238,
        "GlobalID": "{ACF1285E-89ED-409C-8147-990C47C373AF}",
        "Feet": 195.2360518,
        "Miles": 0.03697652,
        "ShapeSTLength": 195.23605180125429
      },
      "geometry": {
        "type": "LineString",
        "coordinates": [
          [-84.281676111006362, 33.923467767261954],
          [-84.281911962627717, 33.923966988767624]
        ]
      }
    },
    {
      "type": "Feature",
      "properties": {
        "Type": "BIKE ROUTE",
        "Status": "EXISTING",
        "Notes": null,
        "Year": null,
        "OBJECTID_1": 239,
        "GlobalID": "{E05220C8-00A3-4588-8C00-859C497386AD}",
        "Feet": 141.30009264,
        "Miles": 0.02676138,
        "ShapeSTLength": 141.30009263614903
      },
      "geometry": {
        "type": "LineString",
        "coordinates": [
          [-84.283054051907783, 33.926530886130514],
          [-84.283213390379728, 33.926895780855439]
        ]
      }
    },
    {
      "type": "Feature",
      "properties": {
        "Type": "BIKE ROUTE",
        "Status": "EXISTING",
        "Notes": null,
        "Year": null,
        "OBJECTID_1": 240,
        "GlobalID": "{62A7D9DD-9C37-43F3-9666-BEFD6C71C0EA}",
        "Feet": 362.02636547999998,
        "Miles": 0.0685656,
        "ShapeSTLength": 362.0263654805965
      },
      "geometry": {
        "type": "LineString",
        "coordinates": [
          [-84.283566764496413, 33.92810386121279],
          [-84.283643064108844, 33.928450059411908],
          [-84.28376591471708, 33.929084771380928]
        ]
      }
    },
    {
      "type": "Feature",
      "properties": {
        "Type": "BIKE ROUTE",
        "Status": "EXISTING",
        "Notes": null,
        "Year": null,
        "OBJECTID_1": 241,
        "GlobalID": "{B605874D-A495-465E-9400-7C094805949A}",
        "Feet": 259.34519783000002,
        "Miles": 0.04911841,
        "ShapeSTLength": 259.34519782698857
      },
      "geometry": {
        "type": "LineString",
        "coordinates": [
          [-84.283817458281931, 33.929355913215595],
          [-84.283855553953615, 33.929540883588864],
          [-84.283935142677308, 33.929878833877396],
          [-84.283984836759871, 33.930054669542734]
        ]
      }
    },
    {
      "type": "Feature",
      "properties": {
        "Type": "BIKE ROUTE",
        "Status": "EXISTING",
        "Notes": null,
        "Year": null,
        "OBJECTID_1": 242,
        "GlobalID": "{11199F66-1932-4FB5-B905-58B6645FB8A7}",
        "Feet": 285.89802185000002,
        "Miles": 0.05414735,
        "ShapeSTLength": 285.89802185022944
      },
      "geometry": {
        "type": "LineString",
        "coordinates": [
          [-84.284683473607345, 33.931495603637408],
          [-84.284903942112052, 33.931917054269213],
          [-84.285065903996085, 33.932213702004177]
        ]
      }
    },
    {
      "type": "Feature",
      "properties": {
        "Type": "BIKE ROUTE",
        "Status": "EXISTING",
        "Notes": null,
        "Year": null,
        "OBJECTID_1": 243,
        "GlobalID": "{C5BF1F25-EF1E-4B6D-8D7A-CA56E217DE75}",
        "Feet": 414.17915422,
        "Miles": 0.07844302,
        "ShapeSTLength": 414.17915422091772
      },
      "geometry": {
        "type": "LineString",
        "coordinates": [
          [-84.283213390379728, 33.926895780855439],
          [-84.283367791276291, 33.927249366357024],
          [-84.283437308255415, 33.927458161610687],
          [-84.28349696151129, 33.927686204287888],
          [-84.283543409173248, 33.927900517695818],
          [-84.283556723953993, 33.927993943834302]
        ]
      }
    },
    {
      "type": "Feature",
      "properties": {
        "Type": "BIKE ROUTE",
        "Status": "EXISTING",
        "Notes": null,
        "Year": null,
        "OBJECTID_1": 244,
        "GlobalID": "{80F0C57E-40CF-45F6-8A79-7A3606803C9D}",
        "Feet": 273.60554405,
        "Miles": 0.05181923,
        "ShapeSTLength": 273.60554405443241
      },
      "geometry": {
        "type": "LineString",
        "coordinates": [
          [-84.283984836759871, 33.930054669542734],
          [-84.284120506334574, 33.930417299785205],
          [-84.284292416477598, 33.930760658042729]
        ]
      }
    },
    {
      "type": "Feature",
      "properties": {
        "Type": "BIKE ROUTE",
        "Status": "EXISTING",
        "Notes": null,
        "Year": null,
        "OBJECTID_1": 245,
        "GlobalID": "{19B772B5-738A-40BE-8DC8-1443635180E3}",
        "Feet": 292.55855199000001,
        "Miles": 0.05540882,
        "ShapeSTLength": 292.55855198547778
      },
      "geometry": {
        "type": "LineString",
        "coordinates": [
          [-84.284292416477598, 33.930760658042729],
          [-84.28445769743233, 33.931076539765826],
          [-84.284683473607345, 33.931495603637408]
        ]
      }
    },
    {
      "type": "Feature",
      "properties": {
        "Type": "BIKE ROUTE",
        "Status": "EXISTING",
        "Notes": null,
        "Year": null,
        "OBJECTID_1": 246,
        "GlobalID": "{0C65CD8C-1B70-473C-89D6-5758A001A413}",
        "Feet": 406.61239136,
        "Miles": 0.07700992,
        "ShapeSTLength": 406.61239136308848
      },
      "geometry": {
        "type": "LineString",
        "coordinates": [
          [-84.282623337014911, 33.925472697386979],
          [-84.283054051907783, 33.926530886130514]
        ]
      }
    },
    {
      "type": "Feature",
      "properties": {
        "Type": "BIKE ROUTE",
        "Status": "EXISTING",
        "Notes": null,
        "Year": null,
        "OBJECTID_1": 247,
        "GlobalID": "{65725F2B-091C-411C-8D9D-6CC540E6D08C}",
        "Feet": 300.89880118000002,
        "Miles": 0.05698841,
        "ShapeSTLength": 300.89880118808378
      },
      "geometry": {
        "type": "LineString",
        "coordinates": [
          [-84.282259828819434, 33.924703297018745],
          [-84.282623337014911, 33.925472697386979]
        ]
      }
    },
    {
      "type": "Feature",
      "properties": {
        "Type": "BIKE ROUTE",
        "Status": "EXISTING",
        "Notes": null,
        "Year": null,
        "OBJECTID_1": 248,
        "GlobalID": "{C7D35369-959C-46EB-B3A7-28E6DDB2136A}",
        "Feet": 99.89350467,
        "Miles": 0.01891922,
        "ShapeSTLength": 99.893504667926663
      },
      "geometry": {
        "type": "LineString",
        "coordinates": [
          [-84.28376591471708, 33.929084771380928],
          [-84.283817458281931, 33.929355913215595]
        ]
      }
    },
    {
      "type": "Feature",
      "properties": {
        "Type": "BIKE ROUTE",
        "Status": null,
        "Notes": null,
        "Year": null,
        "OBJECTID_1": 249,
        "GlobalID": "{1DB8949D-399F-4BE0-A0F2-AED9213D26F1}",
        "Feet": 454.33893238000002,
        "Miles": 0.08604904,
        "ShapeSTLength": 454.33893238729138
      },
      "geometry": {
        "type": "LineString",
        "coordinates": [
          [-84.305554011662409, 33.953001447293062],
          [-84.305557371920244, 33.95303991775139],
          [-84.305554225969033, 33.953133358762976],
          [-84.305561764600938, 33.954249888689823]
        ]
      }
    },
    {
      "type": "Feature",
      "properties": {
        "Type": "BIKE ROUTE",
        "Status": null,
        "Notes": null,
        "Year": null,
        "OBJECTID_1": 250,
        "GlobalID": "{EFB75112-E1BE-4002-9E6F-BA060110711A}",
        "Feet": 554.25853400999995,
        "Miles": 0.10497321,
        "ShapeSTLength": 554.25853401133747
      },
      "geometry": {
        "type": "LineString",
        "coordinates": [
          [-84.305472397083179, 33.951481803589722],
          [-84.305532371537979, 33.951860983110279],
          [-84.305545996479992, 33.952127539370743],
          [-84.305553824145278, 33.95288602475452],
          [-84.305554011662409, 33.953001447293062]
        ]
      }
    },
    {
      "type": "Feature",
      "properties": {
        "Type": "BIKE ROUTE",
        "Status": null,
        "Notes": null,
        "Year": null,
        "OBJECTID_1": 251,
        "GlobalID": "{23089218-BEC6-4730-988D-A5220DDAFF6C}",
        "Feet": 372.78359103000003,
        "Miles": 0.07060295,
        "ShapeSTLength": 372.78359103344746
      },
      "geometry": {
        "type": "LineString",
        "coordinates": [
          [-84.305561764600938, 33.954249888689823],
          [-84.305567267256109, 33.955070801496326],
          [-84.305577290255172, 33.955150486818894],
          [-84.305607167293232, 33.955271372127193]
        ]
      }
    },
    {
      "type": "Feature",
      "properties": {
        "Type": "BIKE LANE",
        "Status": "COMPLETED",
        "Notes": null,
        "Year": "2012",
        "OBJECTID_1": 252,
        "GlobalID": "{8FF8339D-33DC-42B1-93DF-08DCDE28BA74}",
        "Feet": 662.53956476999997,
        "Miles": 0.12548098,
        "ShapeSTLength": 662.5395647674286
      },
      "geometry": {
        "type": "LineString",
        "coordinates": [
          [-84.343331251062494, 33.940899568536267],
          [-84.341432331909118, 33.941799766956017]
        ]
      }
    },
    {
      "type": "Feature",
      "properties": {
        "Type": "BIKE LANE",
        "Status": "COMPLETED",
        "Notes": null,
        "Year": "2012",
        "OBJECTID_1": 253,
        "GlobalID": "{C1043E63-73BC-4F79-A9B4-DA104419874B}",
        "Feet": 87.31413305,
        "Miles": 0.01653677,
        "ShapeSTLength": 87.314133049946861
      },
      "geometry": {
        "type": "LineString",
        "coordinates": [
          [-84.347546259176113, 33.938285435743104],
          [-84.34748043764715, 33.938343243888092],
          [-84.347473854908458, 33.93834874988498],
          [-84.347450797891398, 33.938359776401562],
          [-84.34733558237231, 33.938447886798549]
        ]
      }
    },
    {
      "type": "Feature",
      "properties": {
        "Type": "BIKE LANE",
        "Status": "COMPLETED",
        "Notes": null,
        "Year": "2012",
        "OBJECTID_1": 254,
        "GlobalID": "{B9422B10-E566-4F34-ABCD-A59B8E1BC400}",
        "Feet": 410.46305148,
        "Miles": 0.07773921,
        "ShapeSTLength": 410.46305148013386
      },
      "geometry": {
        "type": "LineString",
        "coordinates": [
          [-84.34733558237231, 33.938447886798549],
          [-84.34638605136675, 33.939065667829276],
          [-84.346268747195708, 33.939141986062836]
        ]
      }
    },
    {
      "type": "Feature",
      "properties": {
        "Type": "BIKE LANE",
        "Status": "COMPLETED",
        "Notes": null,
        "Year": "2012",
        "OBJECTID_1": 255,
        "GlobalID": "{03F06380-311D-42EE-9230-1A59775CD649}",
        "Feet": 232.09892776000001,
        "Miles": 0.04395813,
        "ShapeSTLength": 232.09892776524396
      },
      "geometry": {
        "type": "LineString",
        "coordinates": [
          [-84.346268747195708, 33.939141986062836],
          [-84.345638663721687, 33.939504000497294]
        ]
      }
    },
    {
      "type": "Feature",
      "properties": {
        "Type": "BIKE LANE",
        "Status": "COMPLETED",
        "Notes": null,
        "Year": "2012",
        "OBJECTID_1": 256,
        "GlobalID": "{9F1713F1-D0B8-47A3-B60D-545264D0A371}",
        "Feet": 864.63536677000002,
        "Miles": 0.1637567,
        "ShapeSTLength": 864.63536676773697
      },
      "geometry": {
        "type": "LineString",
        "coordinates": [
          [-84.345638663721687, 33.939504000497294],
          [-84.343331251062494, 33.940899568536267]
        ]
      }
    },
    {
      "type": "Feature",
      "properties": {
        "Type": "BIKE LANE",
        "Status": "COMPLETED",
        "Notes": null,
        "Year": "2012",
        "OBJECTID_1": 257,
        "GlobalID": "{5F3B005D-FCC7-459B-A17B-57247950B83C}",
        "Feet": 1226.69780793,
        "Miles": 0.23232913,
        "ShapeSTLength": 1226.6978079275798
      },
      "geometry": {
        "type": "LineString",
        "coordinates": [
          [-84.341432331909118, 33.941799766956017],
          [-84.341256436309664, 33.941889587896767],
          [-84.340814856920716, 33.94211508034477],
          [-84.340251411853657, 33.942363965425358],
          [-84.340016762949034, 33.942459592753281],
          [-84.339616400543505, 33.942627187893741],
          [-84.339233858213333, 33.942813491692618],
          [-84.339175542912088, 33.942845546062173],
          [-84.33873269656506, 33.943084749273766],
          [-84.338567653463613, 33.94318146307981],
          [-84.338308246490783, 33.943341336588418],
          [-84.337996916344778, 33.943562109272335]
        ]
      }
    },
    {
      "type": "Feature",
      "properties": {
        "Type": "BIKE ROUTE",
        "Status": "EXISTING",
        "Notes": null,
        "Year": null,
        "OBJECTID_1": 258,
        "GlobalID": "{C8D6FC5C-AD1C-4EA6-B53B-DBAC351DB666}",
        "Feet": 40.11975404,
        "Miles": 0.00759844,
        "ShapeSTLength": 40.119754032486995
      },
      "geometry": {
        "type": "LineString",
        "coordinates": [
          [-84.283556723953993, 33.927993943834302],
          [-84.283560054530554, 33.928018674227658],
          [-84.283566764496413, 33.92810386121279]
        ]
      }
    },
    {
      "type": "Feature",
      "properties": {
        "Type": "BIKE LANE",
        "Status": "COMPLETED",
        "Notes": null,
        "Year": "2014",
        "OBJECTID_1": 259,
        "GlobalID": "{9F734A9D-4B2F-448C-A44C-92FBAE969E6A}",
        "Feet": 705.29323088000001,
        "Miles": 0.13357826,
        "ShapeSTLength": 705.29323088055969
      },
      "geometry": {
        "type": "LineString",
        "coordinates": [
          [-84.341045525414998, 33.928835254151799],
          [-84.341013504245964, 33.928867943924907],
          [-84.340933846810515, 33.928941031042683],
          [-84.340909954037329, 33.928960962935278],
          [-84.340569211461286, 33.929232874139636],
          [-84.339805078075315, 33.929842637959673],
          [-84.339695747660997, 33.929937485358771],
          [-84.339596296354472, 33.930039607566393],
          [-84.339507416067278, 33.930148293150239],
          [-84.339448619410135, 33.930234942091296]
        ]
      }
    },
    {
      "type": "Feature",
      "properties": {
        "Type": "BIKE LANE",
        "Status": "COMPLETED",
        "Notes": null,
        "Year": "2014",
        "OBJECTID_1": 260,
        "GlobalID": "{472661DB-FF41-42CC-86F2-1E6C8B5BE229}",
        "Feet": 469.37986497999998,
        "Miles": 0.0888977,
        "ShapeSTLength": 469.37986497419047
      },
      "geometry": {
        "type": "LineString",
        "coordinates": [
          [-84.339448619410135, 33.930234942091296],
          [-84.339429728316915, 33.930262782088114],
          [-84.339363775596325, 33.930382277500485],
          [-84.339310017042763, 33.930505943852495],
          [-84.339268828460007, 33.93063291867454],
          [-84.339240496915679, 33.930762316175716],
          [-84.339225220752255, 33.93089323355489],
          [-84.339223481583531, 33.930925483698267],
          [-84.339190583515872, 33.931492814760595]
        ]
      }
    },
    {
      "type": "Feature",
      "properties": {
        "Type": "BIKE LANE",
        "Status": "COMPLETED",
        "Notes": null,
        "Year": "2014",
        "OBJECTID_1": 261,
        "GlobalID": "{16F8CD3B-588D-4E90-B6CB-DE4A4CC8B427}",
        "Feet": 2255.9550966199999,
        "Miles": 0.42726422,
        "ShapeSTLength": 2255.9550966168767
      },
      "geometry": {
        "type": "LineString",
        "coordinates": [
          [-84.336408609300008, 33.950049714534998],
          [-84.335053918014637, 33.950375857894393],
          [-84.334803351071074, 33.950403681974535],
          [-84.334556064337647, 33.950423256590071],
          [-84.334490116802655, 33.950426094670632],
          [-84.334440646711073, 33.950423413939973],
          [-84.33432189910333, 33.950407086754097],
          [-84.334262514542189, 33.950393426811893],
          [-84.334252616219374, 33.95039069212654],
          [-84.334203118147755, 33.950374270536138],
          [-84.334084311458312, 33.950327713435733],
          [-84.33402159169249, 33.950294820789033],
          [-84.333972073291577, 33.950267406490845],
          [-84.333899423067791, 33.950215290152933],
          [-84.333820145422777, 33.950146693806936],
          [-84.333608650264097, 33.949918882556339],
          [-84.333324572214565, 33.94967193298919],
          [-84.332598188548403, 33.949205725928465],
          [-84.332175413759259, 33.9488545295075],
          [-84.33200680000482, 33.948629405948523],
          [-84.331874419003881, 33.948382249141311],
          [-84.331778189859506, 33.948071835081322],
          [-84.331744609453992, 33.947758588778385],
          [-84.331657971833181, 33.947291516498566],
          [-84.331545156467698, 33.946928910246342]
        ]
      }
    },
    {
      "type": "Feature",
      "properties": {
        "Type": "BIKE LANE",
        "Status": "EXISTING",
        "Notes": null,
        "Year": null,
        "OBJECTID_1": 262,
        "GlobalID": "{CD97EC94-72CE-4F24-88DE-EB6B96C2E40F}",
        "Feet": 295.69028072999998,
        "Miles": 0.05600195,
        "ShapeSTLength": 295.69028072793895
      },
      "geometry": {
        "type": "LineString",
        "coordinates": [
          [-84.293961186487522, 33.936698093833002],
          [-84.294208701274826, 33.936851735129473],
          [-84.294271408222201, 33.936892892685123],
          [-84.294433144134018, 33.937010897104706],
          [-84.294710435205133, 33.937217033641332]
        ]
      }
    },
    {
      "type": "Feature",
      "properties": {
        "Type": "BIKE LANE",
        "Status": "PROGRAMMED",
        "Notes": null,
        "Year": null,
        "OBJECTID_1": 264,
        "GlobalID": "{D37069C3-520B-41C1-9032-FC38A28E9BDD}",
        "Feet": 27.98000626,
        "Miles": 0.00529924,
        "ShapeSTLength": 27.980006263822769
      },
      "geometry": {
        "type": "LineString",
        "coordinates": [
          [-84.346637891771138, 33.962888131872418],
          [-84.346622220724257, 33.962963908448536]
        ]
      }
    },
    {
      "type": "Feature",
      "properties": {
        "Type": "ONE-WAY CYCLE TRACK",
        "Status": "PLANNED",
        "Notes": "One-way cycle track",
        "Year": null,
        "OBJECTID_1": 265,
        "GlobalID": "{DAC0D7AD-0746-4985-A16B-0D52068971E4}",
        "Feet": 332.61922263999998,
        "Miles": 0.06299606,
        "ShapeSTLength": 332.61922264257589
      },
      "geometry": {
        "type": "LineString",
        "coordinates": [
          [-84.336697103122717, 33.938746972204541],
          [-84.33664006136226, 33.938753228925457],
          [-84.336634795508076, 33.938753851105773],
          [-84.336629531860297, 33.938754494921952],
          [-84.336624273666047, 33.938755161271111],
          [-84.336619018758171, 33.938755848352962],
          [-84.336613768220232, 33.938756557067684],
          [-84.336608522054007, 33.938757288316836],
          [-84.336603280255943, 33.938758040297245],
          [-84.336598042829579, 33.938758814812076],
          [-84.336592809771361, 33.93875961005817],
          [-84.336587582166601, 33.938760427837231],
          [-84.336582358929931, 33.938761266347498],
          [-84.336577141146776, 33.93876212739076],
          [-84.336571928813456, 33.938763009163729],
          [-84.336566721931831, 33.938763912568092],
          [-84.336561519420087, 33.938764837605291],
          [-84.336556323441755, 33.938765784272334],
          [-84.336551132915076, 33.938766752570757],
          [-84.33654594783826, 33.93876774159888],
          [-84.336540768214846, 33.938768753160012],
          [-84.336535596204811, 33.938769785447882],
          [-84.336530429646416, 33.938770839367109],
          [-84.336525268537869, 33.938771914016087],
          [-84.336520115044451, 33.93877301029346],
          [-84.336514968084416, 33.938774128200656],
          [-84.336509827655945, 33.938775266836146],
          [-84.336504693760887, 33.938776427101494],
          [-84.336499567479152, 33.938777608093559],
          [-84.336494447730772, 33.938778810715519],
          [-84.336489334515775, 33.938780034967358],
          [-84.336484229994042, 33.938781279042836],
          [-84.336479132007483, 33.938782545649829],
          [-84.336474042714215, 33.938783832080439],
          [-84.336468959954288, 33.938785140140943],
          [-84.33646388588943, 33.938786468926686],
          [-84.336458819439684, 33.938787819340838],
          [-84.33645376060143, 33.938789189580149],
          [-84.336448710460047, 33.938790581446334],
          [-84.336443669013718, 33.938791994037807],
          [-84.336438635180684, 33.938793427356018],
          [-84.336433611124477, 33.938794881398053],
          [-84.336428594681536, 33.938796356166826],
          [-84.336423586935439, 33.938797852562502],
          [-84.336418588964349, 33.93879936878033],
          [-84.336413599688299, 33.938800905723468],
          [-84.336408620189047, 33.938802463390367],
          [-84.33640364938303, 33.938804040880918],
          [-84.336398688355587, 33.938805639996907],
          [-84.336393736021421, 33.938807258936535],
          [-84.336388794545755, 33.938808898598516],
          [-84.336383862845082, 33.938810558082594],
          [-84.336378939841211, 33.938812239193638],
          [-84.33637402877406, 33.938813939222236],
          [-84.336369126403724, 33.938815660877736],
          [-84.33636423488835, 33.938817401452262],
          [-84.336359353149689, 33.938819162750633],
          [-84.336354483351329, 33.938820944769802],
          [-84.336353057556934, 33.938821473286183],
          [-84.336352205927099, 33.938821330199204],
          [-84.336254325110559, 33.938861792219065],
          [-84.336130220069208, 33.938931164929137],
          [-84.336049690819891, 33.938986537487295],
          [-84.33593937404757, 33.939081282713083],
          [-84.335859507647953, 33.939170010903609],
          [-84.335817218342868, 33.939230807249793]
        ]
      }
    },
    {
      "type": "Feature",
      "properties": {
        "Type": "ONE-WAY CYCLE TRACK",
        "Status": "PLANNED",
        "Notes": "One-way cycle track",
        "Year": null,
        "OBJECTID_1": 266,
        "GlobalID": "{B074125C-F9A5-4B12-8BE2-1955E7E571EA}",
        "Feet": 400.40837878000002,
        "Miles": 0.07583492,
        "ShapeSTLength": 400.40837877892744
      },
      "geometry": {
        "type": "LineString",
        "coordinates": [
          [-84.338007769324861, 33.938614774295942],
          [-84.336697103122717, 33.938746972204541]
        ]
      }
    },
    {
      "type": "Feature",
      "properties": {
        "Type": "ONE-WAY CYCLE TRACK",
        "Status": "PLANNED",
        "Notes": "One-way cycle track",
        "Year": null,
        "OBJECTID_1": 267,
        "GlobalID": "{140D34BF-979F-432E-B4E9-AB34106FFDBD}",
        "Feet": 700.1757198,
        "Miles": 0.13260904,
        "ShapeSTLength": 700.17571979830825
      },
      "geometry": {
        "type": "LineString",
        "coordinates": [
          [-84.335817218342868, 33.939230807249793],
          [-84.335816893579036, 33.939231235969764],
          [-84.335749222720622, 33.939356609372211],
          [-84.335712782722212, 33.939455899010966],
          [-84.335694634889123, 33.939541804089977],
          [-84.335681115170942, 33.93965251293735],
          [-84.335658628374773, 33.939860564936914],
          [-84.335622832714051, 33.940286199149426],
          [-84.335600477548752, 33.940561047210018],
          [-84.33558691986083, 33.940652671303397],
          [-84.335557360835125, 33.940757676778937],
          [-84.335520908720724, 33.940851241013242],
          [-84.335472989161289, 33.940935278119035],
          [-84.335391260510349, 33.941028714136706],
          [-84.335338606480136, 33.941077476941494]
        ]
      }
    },
    {
      "type": "Feature",
      "properties": {
        "Type": "ONE-WAY CYCLE TRACK",
        "Status": "PLANNED",
        "Notes": "One-way cycle track",
        "Year": null,
        "OBJECTID_1": 268,
        "GlobalID": "{DF3CF93D-66D3-4CFA-B184-72BB9EA61A6E}",
        "Feet": 508.13318445,
        "Miles": 0.09623735,
        "ShapeSTLength": 508.13318444341598
      },
      "geometry": {
        "type": "LineString",
        "coordinates": [
          [-84.33415522834045, 33.941552113033843],
          [-84.334111596760636, 33.941566174674833],
          [-84.334049693711933, 33.941588016050524],
          [-84.333944685765474, 33.941634395186988],
          [-84.33384648545011, 33.941690179797462],
          [-84.333756299773697, 33.941754683022062],
          [-84.333675238189358, 33.941827113546459],
          [-84.333604297456361, 33.941906578326133],
          [-84.333544349776872, 33.941992101535561],
          [-84.33315835245952, 33.942621811239384]
        ]
      }
    },
    {
      "type": "Feature",
      "properties": {
        "Type": "ONE-WAY CYCLE TRACK",
        "Status": "PLANNED",
        "Notes": "One-way cycle track",
        "Year": null,
        "OBJECTID_1": 269,
        "GlobalID": "{E7A58A26-481E-4D21-8F4D-47BEFA89CFA5}",
        "Feet": 329.05105351999998,
        "Miles": 0.06232028,
        "ShapeSTLength": 329.051053522892
      },
      "geometry": {
        "type": "LineString",
        "coordinates": [
          [-84.333252408375358, 33.942658001613928],
          [-84.333100424075681, 33.942927723779881],
          [-84.333059810060817, 33.942991920531256],
          [-84.33299657202366, 33.943071150934095],
          [-84.332922801458821, 33.943143780278362],
          [-84.33283947876707, 33.943208841577999],
          [-84.332747717616712, 33.943265466846533],
          [-84.332594031797797, 33.943349311831447]
        ]
      }
    },
    {
      "type": "Feature",
      "properties": {
        "Type": "ONE-WAY CYCLE TRACK",
        "Status": "PLANNED",
        "Notes": "One-way cycle track",
        "Year": null,
        "OBJECTID_1": 270,
        "GlobalID": "{1739E666-ED66-4F0F-98CF-3BEBF0E0EC8A}",
        "Feet": 296.42528362000002,
        "Miles": 0.05614115,
        "ShapeSTLength": 296.42528362071681
      },
      "geometry": {
        "type": "LineString",
        "coordinates": [
          [-84.336701150815642, 33.938844796077539],
          [-84.336697433674075, 33.93884523489438],
          [-84.33669217002118, 33.938845878713231],
          [-84.336686911821786, 33.938846545065047],
          [-84.336681656908809, 33.938847232149598],
          [-84.336676406365797, 33.938847940866985],
          [-84.336671160194541, 33.938848672118823],
          [-84.336665918391418, 33.938849424101896],
          [-84.336660680960065, 33.938850198619413],
          [-84.336655447896845, 33.938850993868165],
          [-84.336650220287112, 33.938851811649883],
          [-84.336644997045511, 33.938852650162836],
          [-84.336639779257411, 33.938853511208706],
          [-84.336634566919201, 33.938854392984346],
          [-84.336629360032674, 33.93885529639136],
          [-84.336624157516056, 33.938856221431188],
          [-84.336618961532892, 33.938857168100888],
          [-84.336613771001382, 33.93885813640194],
          [-84.336608585919748, 33.938859125432714],
          [-84.336603406291587, 33.938860136996496],
          [-84.336598234276792, 33.938861169287001],
          [-84.33659306771365, 33.938862223208851],
          [-84.3365879066004, 33.938863297860458],
          [-84.336582753102277, 33.938864394140424],
          [-84.336577606137595, 33.938865512050263],
          [-84.336572465704506, 33.938866650688347],
          [-84.336567331804815, 33.938867810956275],
          [-84.336562205518476, 33.938868991950962],
          [-84.336557085765534, 33.938870194575529],
          [-84.336551972545976, 33.938871418830004],
          [-84.336546868019752, 33.938872662908047],
          [-84.336541770028674, 33.938873929517598],
          [-84.33653668073093, 33.938875215950816],
          [-84.336531597966555, 33.938876524013899],
          [-84.336526523897248, 33.938877852802229],
          [-84.336521457443084, 33.93887920321896],
          [-84.336516398600466, 33.938880573460828],
          [-84.336511348454735, 33.938881965329564],
          [-84.336506307004058, 33.938883377923595],
          [-84.336501273166718, 33.938884811244364],
          [-84.336496249106219, 33.938886265288943],
          [-84.336491232659014, 33.93888774006026],
          [-84.336486224908683, 33.938889236458472],
          [-84.336481226933373, 33.938890752678851],
          [-84.336476237653144, 33.938892289624512],
          [-84.336471258149743, 33.93889384729394],
          [-84.33646628733959, 33.93889542478702],
          [-84.336461326308054, 33.938897023905525],
          [-84.336456373969767, 33.938898642847661],
          [-84.336451432490065, 33.938900282512094],
          [-84.336446500785343, 33.938901941998722],
          [-84.336441577777478, 33.938903623112232],
          [-84.336436666706348, 33.93890532314331],
          [-84.336431764332048, 33.938907044801262],
          [-84.336426872812694, 33.938908785378295],
          [-84.336421991070154, 33.938910546679139],
          [-84.336417121267928, 33.938912328700788],
          [-84.336412261240696, 33.938914130544568],
          [-84.336407410988429, 33.938915952210579],
          [-84.336402572674686, 33.938917793695744],
          [-84.33639774629944, 33.938919655000113],
          [-84.336392929700978, 33.938921537028278],
          [-84.336388125041026, 33.938923438875634],
          [-84.336383331236007, 33.938925359642056],
          [-84.336378549371261, 33.938927301129311],
          [-84.336373778361491, 33.938929261535627],
          [-84.336369020373724, 33.938931242661283],
          [-84.336364273240946, 33.938933242705986],
          [-84.336359538046608, 33.938935262569906],
          [-84.336354814790766, 33.938937302253017],
          [-84.336350104553375, 33.938939360852245],
          [-84.336345406254466, 33.938941439270664],
          [-84.336340719892249, 33.938943536606644],
          [-84.336336046550258, 33.938945653760392],
          [-84.33633138622848, 33.93894779073181],
          [-84.336326737841617, 33.938949945719216],
          [-84.336322103556725, 33.938952120522842],
          [-84.336317481208539, 33.938954314244057],
          [-84.336312871880537, 33.938956527783013],
          [-84.336308276650954, 33.938958759334945],
          [-84.336303694441597, 33.938961010704602],
          [-84.336299125248857, 33.938963280088757],
          [-84.336294569076372, 33.938965569290602],
          [-84.336290028084008, 33.938967876503973],
          [-84.33628550011008, 33.938970202633463],
          [-84.336280986236318, 33.938972547677565],
          [-84.336276485380992, 33.938974911637743],
          [-84.336271999705829, 33.93897729360949],
          [-84.336267528130819, 33.938979694495835],
          [-84.336263070654184, 33.938982113395177],
          [-84.336258628359502, 33.938984551207632],
          [-84.336254199081424, 33.938987007034612],
          [-84.336249786065252, 33.938989480871584],
          [-84.336245387149262, 33.938991973623224],
          [-84.336241003413377, 33.93899448438637],
          [-84.336236633774135, 33.938997012260899],
          [-84.336232280398534, 33.93899955904709],
          [-84.336227941121308, 33.939002123846265],
          [-84.336223618105976, 33.939004706655517],
          [-84.336219309187243, 33.939007306576116],
          [-84.336215017612147, 33.939009924505271],
          [-84.336210740135414, 33.939012560447452],
          [-84.336206478920587, 33.939015214399674],
          [-84.336202233964059, 33.939017884558702],
          [-84.336198004189455, 33.939020573630856],
          [-84.336193791756671, 33.939023279809966],
          [-84.336189594502244, 33.939026003098974],
          [-84.336185413507962, 33.939028743496415],
          [-84.336181248775517, 33.939031501903877],
          [-84.33617710030137, 33.939034276518157],
          [-84.336172969170889, 33.939037069141015],
          [-84.336168854298691, 33.93903987797065],
          [-84.336164756770131, 33.939042704808863],
          [-84.336160675499897, 33.93904554785388],
          [-84.336156610487947, 33.939048407105702],
          [-84.336152563901408, 33.939051284364602],
          [-84.336148533573137, 33.939054177830336],
          [-84.336144520584966, 33.939057087501354],
          [-84.336140526020401, 33.939060014277892],
          [-84.336136547714119, 33.9390629572612],
          [-84.336132587831457, 33.939065917349978],
          [-84.336128644205303, 33.939068892743947],
          [-84.336124720084513, 33.939071885241916],
          [-84.336120812220244, 33.939074893045053],
          [-84.336116923859549, 33.939077917050575],
          [-84.336113052840702, 33.939080958163025],
          [-84.336109199160134, 33.939084014579208],
          [-84.336105364981364, 33.939087086296126],
          [-84.336101548142636, 33.939090174218379],
          [-84.336097749725724, 33.93909327834448],
          [-84.336093970810623, 33.939096397771337],
          [-84.336090210317337, 33.93909953340205],
          [-84.336086467160513, 33.939102683434868],
          [-84.336082744589064, 33.939105849668536],
          [-84.33607903935588, 33.939109031205959],
          [-84.336075354704462, 33.939112227140996],
          [-84.336071687393101, 33.939115439281395],
          [-84.336068040665296, 33.939118666721036],
          [-84.336064412355753, 33.93912190856134],
          [-84.336060803546189, 33.939125164800743],
          [-84.336057214240242, 33.93912843724253],
          [-84.336053644432511, 33.939131723181823],
          [-84.336050094126563, 33.939135024421887],
          [-84.336046564404214, 33.9391383409612],
          [-84.336043053098294, 33.93914167099954],
          [-84.336039562375944, 33.939145016337143],
          [-84.336036091151797, 33.939148375172252],
          [-84.336032640511263, 33.939151749306681],
          [-84.336029209368917, 33.939155136938624],
          [-84.336025798808393, 33.939158538968172],
          [-84.336022408829592, 33.939161955395413],
          [-84.336019038349065, 33.939165385320187],
          [-84.336015689530271, 33.939168828739504],
          [-84.336012360211512, 33.939172286557941],
          [-84.336009052556292, 33.939175758772571],
          [-84.336005764397527, 33.939179243583133],
          [-84.336002497900509, 33.939182741888231],
          [-84.335999251983509, 33.93918625368935],
          [-84.33599602664826, 33.939189779888153],
          [-84.335992821891281, 33.939193318681433],
          [-84.335989639876018, 33.939196870066098],
          [-84.335986477359, 33.939200434948297],
          [-84.335983336503759, 33.939204013325096],
          [-84.335980217308503, 33.939207604294815],
          [-84.335977119773204, 33.93921120785749],
          [-84.335974043899697, 33.939214824914721],
          [-84.33597098860443, 33.939218454566408],
          [-84.335967956049117, 33.939222095907887],
          [-84.335964944073837, 33.939225750745464],
          [-84.335961954838496, 33.939229417272848],
          [-84.335958987263155, 33.939233096393231],
          [-84.335956041346051, 33.939236787204877],
          [-84.335953117088934, 33.939240490609528],
          [-84.335950215573561, 33.939244206605586],
          [-84.335947335716455, 33.939247934293007],
          [-84.335944478599274, 33.939251673670285],
          [-84.335941643138582, 33.939255423837267],
          [-84.335938830419607, 33.939259186595741],
          [-84.335936039358884, 33.939262961045522],
          [-84.335933272119902, 33.939266747183652],
          [-84.335930526537368, 33.93927054411153],
          [-84.33592780369483, 33.939274352729228],
          [-84.335925103590512, 33.939278172135197],
          [-84.335922426226176, 33.939282003231007],
          [-84.335919885936988, 33.93928567815648],
          [-84.335919654026767, 33.939286016586159]
        ]
      }
    },
    {
      "type": "Feature",
      "properties": {
        "Type": "ONE-WAY CYCLE TRACK",
        "Status": "PLANNED",
        "Notes": "One-way cycle track",
        "Year": null,
        "OBJECTID_1": 271,
        "GlobalID": "{EF26EFF6-4FB0-4682-A05A-FFF14D0CA9E4}",
        "Feet": 401.31019306000002,
        "Miles": 0.07600572,
        "ShapeSTLength": 401.3101930586443
      },
      "geometry": {
        "type": "LineString",
        "coordinates": [
          [-84.338014648280037, 33.938711461739217],
          [-84.336701150815642, 33.938844796077539]
        ]
      }
    },
    {
      "type": "Feature",
      "properties": {
        "Type": "ONE-WAY CYCLE TRACK",
        "Status": "PLANNED",
        "Notes": "One-way cycle track",
        "Year": null,
        "OBJECTID_1": 272,
        "GlobalID": "{045DCA5E-B9FC-47FD-95E7-F8D74D3D8EE0}",
        "Feet": 708.46197466000001,
        "Miles": 0.1341784,
        "ShapeSTLength": 708.46197465969408
      },
      "geometry": {
        "type": "LineString",
        "coordinates": [
          [-84.335919654026767, 33.939286016586159],
          [-84.335871278928281, 33.939383575321422],
          [-84.335829627322525, 33.939490090597978],
          [-84.335806938217047, 33.939595086713233],
          [-84.335755329817161, 33.940129524233569],
          [-84.335726354794488, 33.940530338968316],
          [-84.335701484541048, 33.940690682725553],
          [-84.335667349144941, 33.940797603257657],
          [-84.335624046653166, 33.940900718862274],
          [-84.335548713878595, 33.941017237822841],
          [-84.335488965225537, 33.941082267691797],
          [-84.335419502053085, 33.941150064420761]
        ]
      }
    },
    {
      "type": "Feature",
      "properties": {
        "Type": "ONE-WAY CYCLE TRACK",
        "Status": "PLANNED",
        "Notes": "One-way cycle track",
        "Year": null,
        "OBJECTID_1": 273,
        "GlobalID": "{C871AC43-C601-4625-B399-C0EAC568E10B}",
        "Feet": 480.54151485,
        "Miles": 0.09101165,
        "ShapeSTLength": 480.54151485423444
      },
      "geometry": {
        "type": "LineString",
        "coordinates": [
          [-84.334201343249717, 33.941648820301793],
          [-84.334174234309089, 33.941657559707224],
          [-84.334112331210477, 33.9416794011142],
          [-84.334007323186242, 33.941725780303663],
          [-84.333909122807285, 33.941781564963442],
          [-84.333818937082214, 33.941846068233112],
          [-84.333737875464848, 33.941918498797776],
          [-84.33366693471477, 33.941997963612444],
          [-84.333606987034386, 33.942083486851061],
          [-84.333252408375358, 33.942658001613928]
        ]
      }
    },
    {
      "type": "Feature",
      "properties": {
        "Type": "ONE-WAY CYCLE TRACK",
        "Status": "PLANNED",
        "Notes": "One-way cycle track",
        "Year": null,
        "OBJECTID_1": 274,
        "GlobalID": "{F2FE32B2-8E36-4647-AB2F-DC1890C405B8}",
        "Feet": 312.39959204000002,
        "Miles": 0.05916659,
        "ShapeSTLength": 312.39959204274186
      },
      "geometry": {
        "type": "LineString",
        "coordinates": [
          [-84.33315835245952, 33.942621811239384],
          [-84.333037786736128, 33.942836338219429],
          [-84.332997172717242, 33.942900534951107],
          [-84.332933934689123, 33.942979765322924],
          [-84.332860164149437, 33.943052394630655],
          [-84.332776841498585, 33.943117455888746],
          [-84.332685080404332, 33.943174081111273],
          [-84.332516004809705, 33.943266321978491]
        ]
      }
    },
    {
      "type": "Feature",
      "properties": {
        "Type": "ONE-WAY CYCLE TRACK",
        "Status": "PLANNED",
        "Notes": "One-way cycle track",
        "Year": null,
        "OBJECTID_1": 275,
        "GlobalID": "{5EF81621-A93F-408E-9F7B-8E0F29F26A54}",
        "Feet": 376.36814983,
        "Miles": 0.07128185,
        "ShapeSTLength": 376.36814982845033
      },
      "geometry": {
        "type": "LineString",
        "coordinates": [
          [-84.335329703575695, 33.941229543422189],
          [-84.335321651222046, 33.941235284303573],
          [-84.335317600112973, 33.941238129081796],
          [-84.335313531661242, 33.941240956752679],
          [-84.335309445868617, 33.941243768217895],
          [-84.335305343815122, 33.941246562574278],
          [-84.335301225500729, 33.941249339821852],
          [-84.335297089843678, 33.941252099962092],
          [-84.335292937925757, 33.941254842993494],
          [-84.335288769746981, 33.941257568916107],
          [-84.33528458530553, 33.941260276828288],
          [-84.335280385684953, 33.941262967630145],
          [-84.335276168721791, 33.941265641324655],
          [-84.335271936577726, 33.941268297007241],
          [-84.335267688172777, 33.941270935581009],
          [-84.335263424586984, 33.941273556142853],
          [-84.335259144738572, 33.941276158694208],
          [-84.335254849711035, 33.941278744135268],
          [-84.335250539502667, 33.941281311564389],
          [-84.335246214113454, 33.941283860981571],
          [-84.33524187246158, 33.941286392388292],
          [-84.335237516710663, 33.941288905781597],
          [-84.335233145778886, 33.941291401162914],
          [-84.335228760746276, 33.941293877629235],
          [-84.335224359452795, 33.941296336986703],
          [-84.335219945140295, 33.941298777427583],
          [-84.335215514563373, 33.94130119895641],
          [-84.335211070970971, 33.941303603371935],
          [-84.33520661219417, 33.941305987972235],
          [-84.33520214040189, 33.941308355459284],
          [-84.335197653425197, 33.941310703131101],
          [-84.33519315234949, 33.941313032789481],
          [-84.335188638254735, 33.941315343531315],
          [-84.335184110059174, 33.94131763535804],
          [-84.33517956776457, 33.941319909171369],
          [-84.33517501244917, 33.941322163166475],
          [-84.335170444116514, 33.941324399146701],
          [-84.335165861681261, 33.941326615310196],
          [-84.335161266227004, 33.941328812557146],
          [-84.335156657753728, 33.941330990887501],
          [-84.335152037343235, 33.941333150299847],
          [-84.33514740283016, 33.94133528989547],
          [-84.335142756379852, 33.941337410573077],
          [-84.335138096910541, 33.941339512334075],
          [-84.335133424420448, 33.941341594276892],
          [-84.335128739991376, 33.941343656400065],
          [-84.335124043625072, 33.941345699605165],
          [-84.335119334239778, 33.941347723893692],
          [-84.335114613995529, 33.941349727459446],
          [-84.335109880732261, 33.941351712108634],
          [-84.33510513661183, 33.941353676936636],
          [-84.335100380552419, 33.941355621944965],
          [-84.335095612554042, 33.941357547133606],
          [-84.335090833698445, 33.941359452501082],
          [-84.33508604290391, 33.941361338048864],
          [-84.335081241252212, 33.941363203775502],
          [-84.335076428743321, 33.941365049680954],
          [-84.335071604295479, 33.941366875766704],
          [-84.335066770070469, 33.941368681128189],
          [-84.33506192498831, 33.941370466668502],
          [-84.335057069049, 33.94137223238765],
          [-84.335052202252513, 33.941373978285618],
          [-84.335047325678872, 33.941375703459279],
          [-84.335042438246347, 33.941377407910167],
          [-84.335037541038417, 33.941379092538376],
          [-84.335032634053377, 33.941380756442314],
          [-84.335027716211201, 33.941382400525058],
          [-84.335022789673687, 33.941384023882058],
          [-84.335017853360782, 33.941385627416352],
          [-84.335012907269046, 33.941387209324738],
          [-84.335007952483707, 33.941388771409009],
          [-84.334201343249717, 33.941648820301793]
        ]
      }
    },
    {
      "type": "Feature",
      "properties": {
        "Type": "ONE-WAY CYCLE TRACK",
        "Status": "PLANNED",
        "Notes": "One-way cycle track",
        "Year": null,
        "OBJECTID_1": 276,
        "GlobalID": "{2DFA8E16-391E-48F2-B0CF-D477A1B5FBF2}",
        "Feet": 362.96227742000002,
        "Miles": 0.06874286,
        "ShapeSTLength": 362.96227741413253
      },
      "geometry": {
        "type": "LineString",
        "coordinates": [
          [-84.335246807414691, 33.94115238375965],
          [-84.335242705363498, 33.941155178113974],
          [-84.335238587051478, 33.941157955359508],
          [-84.335234451396786, 33.941160715497674],
          [-84.335230299481282, 33.941163458527001],
          [-84.335226131304907, 33.941166184447532],
          [-84.335221946865929, 33.941168892357588],
          [-84.335217747247881, 33.94117158315737],
          [-84.335213530287206, 33.941174256849791],
          [-84.335209298145699, 33.941176912530231],
          [-84.335205049743351, 33.941179551101868],
          [-84.335200786160172, 33.941182171661552],
          [-84.335196506314389, 33.941184774210782],
          [-84.335192211289538, 33.941187359649689],
          [-84.335187901083884, 33.941189927076628],
          [-84.335183575697371, 33.941192476491658],
          [-84.335179234048297, 33.941195007896191],
          [-84.335174878300151, 33.941197521287322],
          [-84.335170507371188, 33.941200016666457],
          [-84.335166122341434, 33.94120249313054],
          [-84.335161721050866, 33.941204952485805],
          [-84.335157306741237, 33.94120739292449],
          [-84.335152876167257, 33.941209814451049],
          [-84.335148432577796, 33.941212218864372],
          [-84.335143973804009, 33.941214603462441],
          [-84.335139502014755, 33.941216970947217],
          [-84.335135015041132, 33.941219318616767],
          [-84.335130513968522, 33.941221648272887],
          [-84.335125999876865, 33.94122395901244],
          [-84.335121471684445, 33.941226250836898],
          [-84.335116929392996, 33.941228524647926],
          [-84.335112374080779, 33.941230778640765],
          [-84.335107805751349, 33.941233014618653],
          [-84.335103223319365, 33.941235230779853],
          [-84.335098627868391, 33.941237428024479],
          [-84.335094019398412, 33.941239606352525],
          [-84.335089398991244, 33.941241765762541],
          [-84.335084764481536, 33.941243905355833],
          [-84.335080118034625, 33.941246026031081],
          [-84.335075458568753, 33.941248127789763],
          [-84.335070786082099, 33.941250209730228],
          [-84.335066101656494, 33.941252271851013],
          [-84.3350614052937, 33.941254315053747],
          [-84.335056695911931, 33.941256339339894],
          [-84.335051975671234, 33.941258342903275],
          [-84.335047242411576, 33.941260327550062],
          [-84.335042498294754, 33.941262292375669],
          [-84.335037742238967, 33.941264237381596],
          [-84.335032974244228, 33.941266162567828],
          [-84.335028195392354, 33.941268067932882],
          [-84.335023404601543, 33.941269953478262],
          [-84.335018602953568, 33.941271819202477],
          [-84.335013790448443, 33.941273665105491],
          [-84.335008966004395, 33.941275491188804],
          [-84.335004131783222, 33.941277296547845],
          [-84.334999286704914, 33.941279082085707],
          [-84.33499443076947, 33.941280847802396],
          [-84.33498956397689, 33.941282593697878],
          [-84.334984687407186, 33.941284318869108],
          [-84.334979799978598, 33.941286023317495],
          [-84.334974902774675, 33.941287707943239],
          [-84.334969995793628, 33.941289371844682],
          [-84.334965077955459, 33.941291015924946],
          [-84.334960151421996, 33.941292639279425],
          [-84.334955215113226, 33.941294242811246],
          [-84.334950269025555, 33.941295824717152],
          [-84.334945314244365, 33.941297386798887],
          [-84.33415522834045, 33.941552113033843]
        ]
      }
    },
    {
      "type": "Feature",
      "properties": {
        "Type": "ONE-WAY CYCLE TRACK",
        "Status": "PLANNED",
        "Notes": "One-way cycle track",
        "Year": null,
        "OBJECTID_1": 277,
        "GlobalID": "{D407D66E-DA30-4417-9F16-07AB418943B0}",
        "Feet": 297.49305168000001,
        "Miles": 0.05634338,
        "ShapeSTLength": 297.49305167967293
      },
      "geometry": {
        "type": "LineString",
        "coordinates": [
          [-84.332516004809705, 33.943266321978491],
          [-84.332354639475412, 33.943354356057746],
          [-84.332342235266253, 33.943361016850737],
          [-84.332240768626164, 33.943408145324938],
          [-84.332133549106885, 33.943445390582497],
          [-84.332021957296277, 33.943472273792807],
          [-84.331907430302351, 33.943488449494858],
          [-84.331791442284896, 33.943493709230424],
          [-84.331599085127493, 33.943500557971994]
        ]
      }
    },
    {
      "type": "Feature",
      "properties": {
        "Type": "ONE-WAY CYCLE TRACK",
        "Status": "PLANNED",
        "Notes": "One-way cycle track",
        "Year": null,
        "OBJECTID_1": 278,
        "GlobalID": "{4F241FF3-FC6A-4247-8CC3-084AF0057BBA}",
        "Feet": 160.41276252,
        "Miles": 0.03038121,
        "ShapeSTLength": 160.41276252028942
      },
      "geometry": {
        "type": "LineString",
        "coordinates": [
          [-84.332196185931053, 33.943536776595479],
          [-84.332084594021268, 33.943563659862498],
          [-84.331970066917108, 33.943579835622884],
          [-84.331854078779855, 33.94358509541771],
          [-84.331673730046248, 33.943590472033854]
        ]
      }
    },
    {
      "type": "Feature",
      "properties": {
        "Type": "ONE-WAY CYCLE TRACK",
        "Status": "PLANNED",
        "Notes": "One-way cycle track",
        "Year": null,
        "OBJECTID_1": 279,
        "GlobalID": "{2EB1428E-BF40-40AF-AE71-0A7A4AD03F84}",
        "Feet": 39.78297238,
        "Miles": 0.00753465,
        "ShapeSTLength": 39.782972378958519
      },
      "geometry": {
        "type": "LineString",
        "coordinates": [
          [-84.335419502053085, 33.941150064420761],
          [-84.335357337314932, 33.941208932198691],
          [-84.335353442279256, 33.941211925533018],
          [-84.335349529902686, 33.941214902661656],
          [-84.335345600185235, 33.941217863584605],
          [-84.335341652045102, 33.94122080830337],
          [-84.335337686564031, 33.941223736816411],
          [-84.335333703740318, 33.941226648222141],
          [-84.335329703575695, 33.941229543422189]
        ]
      }
    },
    {
      "type": "Feature",
      "properties": {
        "Type": "ONE-WAY CYCLE TRACK",
        "Status": "PLANNED",
        "Notes": "One-way cycle track",
        "Year": null,
        "OBJECTID_1": 280,
        "GlobalID": "{1B5072A6-7459-4E60-AF1B-25872AC9679E}",
        "Feet": 39.03325083,
        "Miles": 0.00739266,
        "ShapeSTLength": 39.033250836875339
      },
      "geometry": {
        "type": "LineString",
        "coordinates": [
          [-84.335338606480136, 33.941077476941494],
          [-84.335298659696321, 33.941114472293521],
          [-84.335294698835625, 33.941117547764392],
          [-84.335290803801882, 33.941120541096787],
          [-84.335286891427302, 33.941123518223471],
          [-84.33528296171184, 33.941126479144451],
          [-84.335279013573739, 33.94112942386122],
          [-84.335275048094758, 33.9411323523723],
          [-84.335271065273147, 33.941135263776033],
          [-84.335267065110656, 33.941138158974098],
          [-84.335263047607341, 33.941141037966439],
          [-84.335259012761341, 33.941143899851411],
          [-84.335254961654499, 33.941146744627645],
          [-84.335250893205028, 33.941149572296489],
          [-84.335246807414691, 33.94115238375965]
        ]
      }
    },
    {
      "type": "Feature",
      "properties": {
        "Type": "ONE-WAY CYCLE TRACK",
        "Status": "PLANNED",
        "Notes": "One-way cycle track",
        "Year": null,
        "OBJECTID_1": 281,
        "GlobalID": "{1FEB89D5-47EE-4FFA-8D69-8696BF1840B6}",
        "Feet": 138.99850896000001,
        "Miles": 0.02632548,
        "ShapeSTLength": 138.99850895960222
      },
      "geometry": {
        "type": "LineString",
        "coordinates": [
          [-84.332594031797797, 33.943349311831447],
          [-84.332417276468277, 33.943445741959096],
          [-84.332404872250777, 33.943452402758332],
          [-84.332303405537246, 33.94349953128367],
          [-84.332196185931053, 33.943536776595479]
        ]
      }
    },
    {
      "type": "Feature",
      "properties": {
        "Type": "BIKE LANE",
        "Status": "COMPLETED",
        "Notes": null,
        "Year": "2013",
        "OBJECTID_1": 282,
        "GlobalID": "{6E32A3E6-9BE3-40FE-BFDA-28E700325ABE}",
        "Feet": 383.46545032,
        "Miles": 0.07262603,
        "ShapeSTLength": 383.46545032029434
      },
      "geometry": {
        "type": "LineString",
        "coordinates": [
          [-84.346158699092243, 33.930408400383023],
          [-84.346100391935408, 33.930495295211699],
          [-84.346068991557203, 33.930533509671605],
          [-84.346020448659615, 33.930585466493469],
          [-84.345954022137619, 33.930639238169178],
          [-84.345894291870053, 33.930680517895233],
          [-84.34582754158555, 33.93071456771613],
          [-84.345721024436955, 33.930757066802457],
          [-84.345600165358007, 33.930783483523605],
          [-84.345506025075309, 33.930793204609962],
          [-84.345397278191029, 33.930795748210961],
          [-84.345220974850236, 33.930788805363804],
          [-84.345082698412469, 33.930780855051971]
        ]
      }
    },
    {
      "type": "Feature",
      "properties": {
        "Type": "BIKE LANE",
        "Status": "COMPLETED",
        "Notes": null,
        "Year": "2013",
        "OBJECTID_1": 283,
        "GlobalID": "{720ADA89-FB06-43B0-BEF9-08A623DDF919}",
        "Feet": 843.61770744,
        "Miles": 0.15977608,
        "ShapeSTLength": 843.61770744240289
      },
      "geometry": {
        "type": "LineString",
        "coordinates": [
          [-84.343749705542805, 33.930766048543113],
          [-84.343638663106972, 33.930818151993499],
          [-84.34359578386794, 33.930847403886347],
          [-84.343559807587923, 33.930869772721557],
          [-84.343501496845903, 33.930917110907956],
          [-84.343422665504761, 33.930993085444328],
          [-84.343167349495673, 33.931253956044372],
          [-84.343083365585017, 33.931329936844115],
          [-84.342992487493319, 33.931393045869171],
          [-84.342901599341928, 33.931451861278759],
          [-84.342786688731721, 33.931519299007853],
          [-84.342623736139601, 33.93160541222683],
          [-84.34251391530627, 33.931642783884897],
          [-84.342397196389413, 33.931665851912427],
          [-84.342316507577081, 33.931674555062834],
          [-84.342235808081085, 33.931677532824807],
          [-84.342034915997161, 33.931684976229235],
          [-84.341694934390532, 33.931692616183717],
          [-84.341421942483493, 33.931710179962536],
          [-84.341380696894646, 33.931712637727983]
        ]
      }
    },
    {
      "type": "Feature",
      "properties": {
        "Type": "BIKE LANE",
        "Status": "COMPLETED",
        "Notes": null,
        "Year": "2013",
        "OBJECTID_1": 284,
        "GlobalID": "{1B987E02-B04E-4058-9ACA-9BDB4CE51D78}",
        "Feet": 501.12032023,
        "Miles": 0.09490915,
        "ShapeSTLength": 501.12032023129365
      },
      "geometry": {
        "type": "LineString",
        "coordinates": [
          [-84.339184269773583, 33.931601690935402],
          [-84.338611047482118, 33.931586051461551],
          [-84.338160211817012, 33.931583833712807],
          [-84.338153526117594, 33.931583883597057],
          [-84.337532458260128, 33.931589176658221]
        ]
      }
    },
    {
      "type": "Feature",
      "properties": {
        "Type": "BIKE LANE",
        "Status": "COMPLETED",
        "Notes": null,
        "Year": "2013",
        "OBJECTID_1": 285,
        "GlobalID": "{5F7D7182-151E-42C5-912D-9E0D801D8E46}",
        "Feet": 248.89391463000001,
        "Miles": 0.047139,
        "ShapeSTLength": 248.89391462660555
      },
      "geometry": {
        "type": "LineString",
        "coordinates": [
          [-84.346593897832363, 33.929390159239169],
          [-84.346455968431655, 33.929554075116691],
          [-84.346395218731459, 33.929636341085263],
          [-84.346331329481814, 33.929739490655528],
          [-84.346276091401577, 33.929845363119369],
          [-84.346211036828677, 33.929991254301434]
        ]
      }
    },
    {
      "type": "Feature",
      "properties": {
        "Type": "BIKE LANE",
        "Status": "COMPLETED",
        "Notes": null,
        "Year": "2013",
        "OBJECTID_1": 286,
        "GlobalID": "{4D605098-6901-4491-BCF8-89BF57C25728}",
        "Feet": 144.66791244000001,
        "Miles": 0.02739923,
        "ShapeSTLength": 144.66791243440937
      },
      "geometry": {
        "type": "LineString",
        "coordinates": [
          [-84.344292555246312, 33.93080129944255],
          [-84.344012427246, 33.930822782411262],
          [-84.343942043658728, 33.93083218677706],
          [-84.343882830569044, 33.93084587039322],
          [-84.343823109503404, 33.930862370502588]
        ]
      }
    },
    {
      "type": "Feature",
      "properties": {
        "Type": "BIKE LANE",
        "Status": "COMPLETED",
        "Notes": null,
        "Year": "2013",
        "OBJECTID_1": 287,
        "GlobalID": "{351EE03A-0513-4259-BE1E-CF371019A1BA}",
        "Feet": 165.38652233,
        "Miles": 0.0313232,
        "ShapeSTLength": 165.38652233404707
      },
      "geometry": {
        "type": "LineString",
        "coordinates": [
          [-84.344287464605713, 33.930704737688835],
          [-84.344286676225181, 33.930704809153177],
          [-84.343947835364261, 33.930726975331794],
          [-84.343855385691029, 33.930737269765906],
          [-84.343807508575495, 33.930747885015791],
          [-84.343749705542805, 33.930766048543113]
        ]
      }
    },
    {
      "type": "Feature",
      "properties": {
        "Type": "BIKE LANE",
        "Status": "COMPLETED",
        "Notes": null,
        "Year": "2013",
        "OBJECTID_1": 288,
        "GlobalID": "{C526BC9C-A488-4CC4-AE3A-6E41896ABD51}",
        "Feet": 240.13517052,
        "Miles": 0.04548015,
        "ShapeSTLength": 240.13517052129254
      },
      "geometry": {
        "type": "LineString",
        "coordinates": [
          [-84.345082698412469, 33.930780855051971],
          [-84.344923315943475, 33.930773076695452],
          [-84.344783959726058, 33.930773278347516],
          [-84.344638931307074, 33.930777129724042],
          [-84.344292555246312, 33.93080129944255]
        ]
      }
    },
    {
      "type": "Feature",
      "properties": {
        "Type": "BIKE LANE",
        "Status": "COMPLETED",
        "Notes": null,
        "Year": "2013",
        "OBJECTID_1": 289,
        "GlobalID": "{B816A222-DC27-48AC-A813-C28977FB402C}",
        "Feet": 244.06749401,
        "Miles": 0.0462249,
        "ShapeSTLength": 244.06749401047063
      },
      "geometry": {
        "type": "LineString",
        "coordinates": [
          [-84.345090484583039, 33.93068456319665],
          [-84.344911940450132, 33.930677173239793],
          [-84.344780288375389, 33.930674978022076],
          [-84.344632910955312, 33.930679962531507],
          [-84.344446977087429, 33.930692925159555],
          [-84.344287464605713, 33.930704737688835]
        ]
      }
    },
    {
      "type": "Feature",
      "properties": {
        "Type": "BIKE LANE",
        "Status": "COMPLETED",
        "Notes": null,
        "Year": "2013",
        "OBJECTID_1": 290,
        "GlobalID": "{E4D40683-0613-4C9C-A6D4-1F051CDFD837}",
        "Feet": 231.69398512000001,
        "Miles": 0.04388144,
        "ShapeSTLength": 231.69398512357168
      },
      "geometry": {
        "type": "LineString",
        "coordinates": [
          [-84.346707910133404, 33.929474322982593],
          [-84.346512965693407, 33.929719801692883],
          [-84.346482159403664, 33.92976409598888],
          [-84.346470670960613, 33.929782494299978],
          [-84.346385602279966, 33.929946569121455],
          [-84.346344328663918, 33.930031526852737]
        ]
      }
    },
    {
      "type": "Feature",
      "properties": {
        "Type": "BIKE LANE",
        "Status": "COMPLETED",
        "Notes": null,
        "Year": "2013",
        "OBJECTID_1": 291,
        "GlobalID": "{9A949A79-825C-4C59-9FC2-07F11F2F6CF9}",
        "Feet": 341.75615333000002,
        "Miles": 0.06472654,
        "ShapeSTLength": 341.75615333894598
      },
      "geometry": {
        "type": "LineString",
        "coordinates": [
          [-84.34604271536044, 33.930363473453816],
          [-84.346035037333266, 33.930379255051214],
          [-84.346007671406369, 33.930430823073614],
          [-84.345952867472789, 33.930499607095271],
          [-84.34587044310085, 33.930567238433774],
          [-84.345737530983158, 33.930646155818657],
          [-84.345633157215673, 33.930686861976639],
          [-84.345567361631311, 33.930700078105055],
          [-84.345474360096077, 33.93070498461109],
          [-84.345090484583039, 33.93068456319665]
        ]
      }
    },
    {
      "type": "Feature",
      "properties": {
        "Type": "BIKE LANE",
        "Status": "COMPLETED",
        "Notes": null,
        "Year": "2013",
        "OBJECTID_1": 292,
        "GlobalID": "{CCE70886-3704-4183-99DF-435F27D56DF3}",
        "Feet": 144.75282664,
        "Miles": 0.02741531,
        "ShapeSTLength": 144.7528266403778
      },
      "geometry": {
        "type": "LineString",
        "coordinates": [
          [-84.346211036828677, 33.929991254301434],
          [-84.346073790304857, 33.930299042773115],
          [-84.34604271536044, 33.930363473453816]
        ]
      }
    },
    {
      "type": "Feature",
      "properties": {
        "Type": "BIKE LANE",
        "Status": "COMPLETED",
        "Notes": null,
        "Year": "2013",
        "OBJECTID_1": 293,
        "GlobalID": "{4A446E44-187B-466B-A0B6-8C6F333782AB}",
        "Feet": 148.24971221000001,
        "Miles": 0.0280776,
        "ShapeSTLength": 148.2497122109319
      },
      "geometry": {
        "type": "LineString",
        "coordinates": [
          [-84.346344328663918, 33.930031526852737],
          [-84.346208895087827, 33.930310296564699],
          [-84.346158699092243, 33.930408400383023]
        ]
      }
    },
    {
      "type": "Feature",
      "properties": {
        "Type": "BIKE LANE",
        "Status": "COMPLETED",
        "Notes": null,
        "Year": "2013",
        "OBJECTID_1": 294,
        "GlobalID": "{B941370A-8732-4ABF-9D22-980C75A3DCA0}",
        "Feet": 864.70905043000005,
        "Miles": 0.16377065,
        "ShapeSTLength": 864.70905043011874
      },
      "geometry": {
        "type": "LineString",
        "coordinates": [
          [-84.343823109503404, 33.930862370502588],
          [-84.3437201661079, 33.930903324536729],
          [-84.343656059232671, 33.930932043451165],
          [-84.343584078991, 33.930994285432732],
          [-84.343481269881053, 33.931100352095747],
          [-84.34334420643512, 33.931249407956855],
          [-84.343188253417537, 33.931398491644153],
          [-84.343085372499417, 33.931470205969063],
          [-84.342913870502727, 33.931573507872741],
          [-84.342701187875917, 33.931692613579195],
          [-84.342568768656065, 33.931749435995584],
          [-84.342443786326044, 33.931775998867849],
          [-84.34233047103821, 33.931784748596598],
          [-84.342072913319569, 33.93179227198533],
          [-84.341942418760354, 33.93179675226493],
          [-84.341753542945824, 33.931802746317587],
          [-84.34147195964195, 33.931817459747705],
          [-84.341391215414944, 33.931822979616648]
        ]
      }
    },
    {
      "type": "Feature",
      "properties": {
        "Type": "BIKE LANE",
        "Status": "COMPLETED",
        "Notes": null,
        "Year": "2013",
        "OBJECTID_1": 295,
        "GlobalID": "{1E1B62A9-F910-41A1-8B87-C9F5621FB3E9}",
        "Feet": 673.40931044000001,
        "Miles": 0.12753964,
        "ShapeSTLength": 673.40931044206002
      },
      "geometry": {
        "type": "LineString",
        "coordinates": [
          [-84.341380696894646, 33.931712637727983],
          [-84.341126628075685, 33.931727774764319],
          [-84.34093432097022, 33.93173520421017],
          [-84.340807234509541, 33.93172679597312],
          [-84.340685281509266, 33.931709792323971],
          [-84.340558163108639, 33.931685638708828],
          [-84.340427601765526, 33.931657196258207],
          [-84.340214579741286, 33.931610262072184],
          [-84.339932856574364, 33.931556267965952],
          [-84.339706126867611, 33.931523666465466],
          [-84.339525794368441, 33.931508174576813],
          [-84.339190583515872, 33.931492814760595]
        ]
      }
    },
    {
      "type": "Feature",
      "properties": {
        "Type": "BIKE LANE",
        "Status": "COMPLETED",
        "Notes": null,
        "Year": "2013",
        "OBJECTID_1": 296,
        "GlobalID": "{4ED15533-6803-44FC-94AA-A30852B54514}",
        "Feet": 678.05631087999996,
        "Miles": 0.12841976,
        "ShapeSTLength": 678.05631088700102
      },
      "geometry": {
        "type": "LineString",
        "coordinates": [
          [-84.341391215414944, 33.931822979616648],
          [-84.341181798703673, 33.931836478253111],
          [-84.341027263919131, 33.931840991631191],
          [-84.340907059386126, 33.931839729990479],
          [-84.340730160313228, 33.931824235911215],
          [-84.340532615862756, 33.931788731100006],
          [-84.340245723582498, 33.93172615698446],
          [-84.340044729677757, 33.931683500013683],
          [-84.339668572548618, 33.931633932693735],
          [-84.339321655883197, 33.931608654618721],
          [-84.339184269773583, 33.931601690935402]
        ]
      }
    },
    {
      "type": "Feature",
      "properties": {
        "Type": "BIKE LANE",
        "Status": "COMPLETED",
        "Notes": null,
        "Year": "2013",
        "OBJECTID_1": 297,
        "GlobalID": "{7571AEC8-7931-4F96-8AE8-17768103A959}",
        "Feet": 507.01728823000002,
        "Miles": 0.096026,
        "ShapeSTLength": 507.01728822794223
      },
      "geometry": {
        "type": "LineString",
        "coordinates": [
          [-84.339190583515872, 33.931492814760595],
          [-84.338608163501519, 33.931477202584006],
          [-84.338157328410034, 33.93147498482292],
          [-84.338150642719086, 33.931475034706985],
          [-84.337519366869998, 33.931483037790336]
        ]
      }
    },
    {
      "type": "Feature",
      "properties": {
        "Type": "BIKE LANE",
        "Status": "COMPLETED",
        "Notes": null,
        "Year": "2009",
        "OBJECTID_1": 298,
        "GlobalID": "{C352718D-31B4-4D8A-A47B-ED7A4D2F229B}",
        "Feet": 679.23984513000005,
        "Miles": 0.12864391,
        "ShapeSTLength": 679.23984512949835
      },
      "geometry": {
        "type": "LineString",
        "coordinates": [
          [-84.341592893608862, 33.926923809848873],
          [-84.341709914181351, 33.926927533204243],
          [-84.342174682286981, 33.926935459729755],
          [-84.342405921386344, 33.926939901382106],
          [-84.342562753675466, 33.926943494074287],
          [-84.342724191026591, 33.926959485520356],
          [-84.342845564396058, 33.92697648800371],
          [-84.342969243305987, 33.927001121173895],
          [-84.343048272103928, 33.927022000675166],
          [-84.343147926154785, 33.927053347354018],
          [-84.343261336410407, 33.927094217085347],
          [-84.343487032616409, 33.927185498903576],
          [-84.34374645384878, 33.927298109478166]
        ]
      }
    },
    {
      "type": "Feature",
      "properties": {
        "Type": "BIKE LANE",
        "Status": "COMPLETED",
        "Notes": null,
        "Year": "2009",
        "OBJECTID_1": 299,
        "GlobalID": "{52F2CBA6-15AD-4B21-ACD7-14E1E5BF0A8C}",
        "Feet": 485.32062064000002,
        "Miles": 0.09191678,
        "ShapeSTLength": 485.32062063329602
      },
      "geometry": {
        "type": "LineString",
        "coordinates": [
          [-84.34374645384878, 33.927298109478166],
          [-84.34503970055259, 33.927856143924416],
          [-84.345166081777293, 33.927913254010839]
        ]
      }
    },
    {
      "type": "Feature",
      "properties": {
        "Type": "BIKE LANE",
        "Status": "COMPLETED",
        "Notes": null,
        "Year": "2009",
        "OBJECTID_1": 300,
        "GlobalID": "{120C8F09-9DD7-4D9D-AEE6-EFA988B80A15}",
        "Feet": 825.89015631999996,
        "Miles": 0.15641859,
        "ShapeSTLength": 825.89015632466112
      },
      "geometry": {
        "type": "LineString",
        "coordinates": [
          [-84.338830992618469, 33.926529886317986],
          [-84.3388525950634, 33.926536643592286],
          [-84.339153817845983, 33.926619239712139],
          [-84.339699013531174, 33.926775922155976],
          [-84.339868514730412, 33.926817670117181],
          [-84.34006777178304, 33.926856513271595],
          [-84.340319672420733, 33.926888601697584],
          [-84.340507425033167, 33.926898833584602],
          [-84.34064937340537, 33.926901495798539],
          [-84.341149634442445, 33.926913192646424],
          [-84.341488597883469, 33.92692099339159]
        ]
      }
    },
    {
      "type": "Feature",
      "properties": {
        "Type": "BIKE LANE",
        "Status": "COMPLETED",
        "Notes": null,
        "Year": "2009",
        "OBJECTID_1": 301,
        "GlobalID": "{264FF95E-E1CC-472C-BE5B-6EEA82F05FEB}",
        "Feet": 680.00771247,
        "Miles": 0.12878934,
        "ShapeSTLength": 680.00771247774355
      },
      "geometry": {
        "type": "LineString",
        "coordinates": [
          [-84.345166081777293, 33.927913254010839],
          [-84.345265017237239, 33.927962719177572],
          [-84.345418231327926, 33.928050197574144],
          [-84.345629994498935, 33.928185428513657],
          [-84.34573856393223, 33.928267656268524],
          [-84.345897197760323, 33.928405621094143],
          [-84.346038838199462, 33.928548040175606],
          [-84.346200758326901, 33.928732065014444],
          [-84.346341372991404, 33.928891315968329],
          [-84.346424462209171, 33.928985096805668],
          [-84.346474517056549, 33.929035518634834],
          [-84.346625693511953, 33.9291637485682],
          [-84.34672207307699, 33.929237835301315]
        ]
      }
    },
    {
      "type": "Feature",
      "properties": {
        "Type": "BIKE LANE",
        "Status": "COMPLETED",
        "Notes": null,
        "Year": "2009",
        "OBJECTID_1": 302,
        "GlobalID": "{79F075F3-1110-40CB-A427-41E38162FF97}",
        "Feet": 312.09228828,
        "Miles": 0.05910839,
        "ShapeSTLength": 312.09228827514391
      },
      "geometry": {
        "type": "LineString",
        "coordinates": [
          [-84.346848691310683, 33.929321242048736],
          [-84.346900075645536, 33.929355090692781],
          [-84.347019746341118, 33.929423892905128],
          [-84.347136341083711, 33.929487589067598],
          [-84.347265198009197, 33.929552545647496],
          [-84.347390962777979, 33.929604732332209],
          [-84.347478378711344, 33.929637815559275],
          [-84.347599530550298, 33.92968234494591],
          [-84.347745220109431, 33.929735779599859]
        ]
      }
    },
    {
      "type": "Feature",
      "properties": {
        "Type": "BUFFERED BIKE LANE",
        "Status": "COMPLETED",
        "Notes": null,
        "Year": "2012",
        "OBJECTID_1": 303,
        "GlobalID": "{ADEB26FB-2320-4D2D-B381-8DEC55371826}",
        "Feet": 133.21238611000001,
        "Miles": 0.02522962,
        "ShapeSTLength": 133.21238610835638
      },
      "geometry": {
        "type": "LineString",
        "coordinates": [
          [-84.336018071681735, 33.926338648570443],
          [-84.335832450440876, 33.926308691844767],
          [-84.335694754949444, 33.92627590196188],
          [-84.335616794902535, 33.926214937870476]
        ]
      }
    },
    {
      "type": "Feature",
      "properties": {
        "Type": "BIKE LANE",
        "Status": "COMPLETED",
        "Notes": null,
        "Year": "2009",
        "OBJECTID_1": 304,
        "GlobalID": "{3F9ED346-4B13-4C2E-8A68-1F65715DFAB0}",
        "Feet": 348.73153562,
        "Miles": 0.06604764,
        "ShapeSTLength": 348.73153562253879
      },
      "geometry": {
        "type": "LineString",
        "coordinates": [
          [-84.346712136176379, 33.929469727505662],
          [-84.346803036136691, 33.929526146622578],
          [-84.346869864321633, 33.929562066270677],
          [-84.346941958013645, 33.929596449008869],
          [-84.347039894673756, 33.929638136730411],
          [-84.347204220560926, 33.929703362394108],
          [-84.347346845616912, 33.929756802012385],
          [-84.347425053146182, 33.929783511638384],
          [-84.34757686164258, 33.92983182797002],
          [-84.347744000993984, 33.929883953499441]
        ]
      }
    },
    {
      "type": "Feature",
      "properties": {
        "Type": "BIKE LANE",
        "Status": "COMPLETED",
        "Notes": null,
        "Year": "2009",
        "OBJECTID_1": 305,
        "GlobalID": "{05C81CC3-3003-4E43-91B9-3656D8FE3E4D}",
        "Feet": 48.95030946,
        "Miles": 0.00927089,
        "ShapeSTLength": 48.950309460197772
      },
      "geometry": {
        "type": "LineString",
        "coordinates": [
          [-84.34672207307699, 33.929237835301315],
          [-84.346848691310683, 33.929321242048736]
        ]
      }
    },
    {
      "type": "Feature",
      "properties": {
        "Type": "BIKE LANE",
        "Status": "COMPLETED",
        "Notes": null,
        "Year": "2009",
        "OBJECTID_1": 306,
        "GlobalID": "{526F065B-A3D9-48D9-B52B-095B67CCE761}",
        "Feet": 46.09249483,
        "Miles": 0.00872964,
        "ShapeSTLength": 46.092494828376921
      },
      "geometry": {
        "type": "LineString",
        "coordinates": [
          [-84.346593897832363, 33.929390159239169],
          [-84.346712136176379, 33.929469727505662]
        ]
      }
    },
    {
      "type": "Feature",
      "properties": {
        "Type": "BIKE LANE",
        "Status": "COMPLETED",
        "Notes": null,
        "Year": "2009",
        "OBJECTID_1": 307,
        "GlobalID": "{9AB64B02-29E7-4210-82C8-D1F6B10001CC}",
        "Feet": 683.61620498000002,
        "Miles": 0.12947277,
        "ShapeSTLength": 683.61620498355273
      },
      "geometry": {
        "type": "LineString",
        "coordinates": [
          [-84.345104163427649, 33.928013477030618],
          [-84.345227108937749, 33.92807592968343],
          [-84.34536117625629, 33.928140622855487],
          [-84.345467766554691, 33.928203447027371],
          [-84.345573234597495, 33.928276769518611],
          [-84.345690199569461, 33.928373930543941],
          [-84.345791159401983, 33.928480657594868],
          [-84.345881839877009, 33.928598849325851],
          [-84.34608960376444, 33.928869547132003],
          [-84.346207799677714, 33.929006784231831],
          [-84.346304201294657, 33.929123059448365],
          [-84.34637648363946, 33.929201200169487],
          [-84.346503299292976, 33.929319540651747],
          [-84.346593897832363, 33.929390159239169]
        ]
      }
    },
    {
      "type": "Feature",
      "properties": {
        "Type": "BIKE LANE",
        "Status": "COMPLETED",
        "Notes": null,
        "Year": "2009",
        "OBJECTID_1": 308,
        "GlobalID": "{66DA20EE-D222-48F2-8FE1-C1BCA1117845}",
        "Feet": 485.66339833000001,
        "Miles": 0.0919817,
        "ShapeSTLength": 485.66339832968254
      },
      "geometry": {
        "type": "LineString",
        "coordinates": [
          [-84.343675143933183, 33.927411526234394],
          [-84.344989555518168, 33.927963090423638],
          [-84.345104388724977, 33.928013111543777]
        ]
      }
    },
    {
      "type": "Feature",
      "properties": {
        "Type": "BIKE LANE",
        "Status": "COMPLETED",
        "Notes": null,
        "Year": "2009",
        "OBJECTID_1": 309,
        "GlobalID": "{1632696E-96AF-4AAC-8EA2-38576262DD66}",
        "Feet": 660.15652948000002,
        "Miles": 0.12502965,
        "ShapeSTLength": 660.15652947936019
      },
      "geometry": {
        "type": "LineString",
        "coordinates": [
          [-84.341585133286983, 33.927044039807605],
          [-84.341683828774805, 33.927045894888984],
          [-84.341897900643488, 33.92705131581706],
          [-84.34220812845841, 33.927057553268611],
          [-84.342407317647897, 33.92706204059958],
          [-84.342550415687256, 33.927066607733124],
          [-84.342685509911135, 33.927075956668915],
          [-84.34281948251045, 33.927095803845582],
          [-84.342942018125811, 33.927121392603055],
          [-84.343117269065218, 33.927174578565605],
          [-84.343326923331233, 33.927258249553752],
          [-84.343559624754477, 33.927359031586164],
          [-84.343675143933183, 33.927411526234394]
        ]
      }
    },
    {
      "type": "Feature",
      "properties": {
        "Type": "BIKE LANE",
        "Status": "COMPLETED",
        "Notes": null,
        "Year": "2009",
        "OBJECTID_1": 310,
        "GlobalID": "{67F936D1-0250-4031-ACE7-8AE424B7E65A}",
        "Feet": 839.65320224000004,
        "Miles": 0.15902523,
        "ShapeSTLength": 839.65320223478477
      },
      "geometry": {
        "type": "LineString",
        "coordinates": [
          [-84.338778744100381, 33.926645271627166],
          [-84.338986856935747, 33.926701537188151],
          [-84.339328174148832, 33.926798390156492],
          [-84.339593901375878, 33.926875309600824],
          [-84.339852737694116, 33.926940787450135],
          [-84.339961527212139, 33.926961627978343],
          [-84.340203136329748, 33.926999456479145],
          [-84.340284427975817, 33.927007929930411],
          [-84.340445853409435, 33.927018199025092],
          [-84.340695420261071, 33.927028342478003],
          [-84.340918639217278, 33.927028981653443],
          [-84.34144980605754, 33.927039679619533],
          [-84.34148109526592, 33.927040902899321]
        ]
      }
    },
    {
      "type": "Feature",
      "properties": {
        "Type": "BIKE LANE",
        "Status": "COMPLETED",
        "Notes": null,
        "Year": "2009",
        "OBJECTID_1": 311,
        "GlobalID": "{9F97FA45-3206-4343-859C-33BF218C40C3}",
        "Feet": 296.51904201000002,
        "Miles": 0.05615891,
        "ShapeSTLength": 296.5190420106108
      },
      "geometry": {
        "type": "LineString",
        "coordinates": [
          [-84.337885838507148, 33.926332820005307],
          [-84.338017723408512, 33.926345053828769],
          [-84.338232985479735, 33.926374334826015],
          [-84.338387587274113, 33.926407517553237],
          [-84.338600615475116, 33.926464473877019],
          [-84.338830992618469, 33.926529886317986]
        ]
      }
    },
    {
      "type": "Feature",
      "properties": {
        "Type": "BIKE LANE",
        "Status": "COMPLETED",
        "Notes": null,
        "Year": "2009",
        "OBJECTID_1": 312,
        "GlobalID": "{BCE729F3-5DCD-4B6D-848A-2C0CFD0CFF64}",
        "Feet": 284.63625341,
        "Miles": 0.05390838,
        "ShapeSTLength": 284.63625341337433
      },
      "geometry": {
        "type": "LineString",
        "coordinates": [
          [-84.337869799415714, 33.926460951432396],
          [-84.337982756310637, 33.926470966544578],
          [-84.338080957520788, 33.926482374375247],
          [-84.338219507399714, 33.926503175017345],
          [-84.338366091997742, 33.926534460186176],
          [-84.338719996043423, 33.926629388542636],
          [-84.338778744100381, 33.926645271627166]
        ]
      }
    },
    {
      "type": "Feature",
      "properties": {
        "Type": "BIKE LANE",
        "Status": "COMPLETED",
        "Notes": null,
        "Year": "2009",
        "OBJECTID_1": 313,
        "GlobalID": "{0404CA53-27CC-49F6-A57E-7793F43113B2}",
        "Feet": 220.09537495000001,
        "Miles": 0.04168473,
        "ShapeSTLength": 220.09537494662547
      },
      "geometry": {
        "type": "LineString",
        "coordinates": [
          [-84.337160413773745, 33.926327404149063],
          [-84.337584989177202, 33.926325616438874],
          [-84.33777615906186, 33.926328213641803],
          [-84.337885838507148, 33.926332820005307]
        ]
      }
    },
    {
      "type": "Feature",
      "properties": {
        "Type": "BIKE LANE",
        "Status": "COMPLETED",
        "Notes": null,
        "Year": "2009",
        "OBJECTID_1": 314,
        "GlobalID": "{3F963D9F-EE04-4744-80CD-F0AC2CFF6782}",
        "Feet": 219.13595801,
        "Miles": 0.04150302,
        "ShapeSTLength": 219.1359580103977
      },
      "geometry": {
        "type": "LineString",
        "coordinates": [
          [-84.337147611995718, 33.926450686539219],
          [-84.337309364700388, 33.926450047758486],
          [-84.337673867291201, 33.926453124316261],
          [-84.337869799415714, 33.926460951432396]
        ]
      }
    },
    {
      "type": "Feature",
      "properties": {
        "Type": "BUFFERED BIKE LANE",
        "Status": "COMPLETED",
        "Notes": null,
        "Year": "2012",
        "OBJECTID_1": 315,
        "GlobalID": "{B69E922D-2DC6-4D93-A10F-B4A1B0791987}",
        "Feet": 198.03131878,
        "Miles": 0.03750593,
        "ShapeSTLength": 198.03131877739989
      },
      "geometry": {
        "type": "LineString",
        "coordinates": [
          [-84.336245585436117, 33.926227639550028],
          [-84.336087398045734, 33.926208036724333],
          [-84.335701404463876, 33.926165202306201],
          [-84.335616794902535, 33.926214937870476]
        ]
      }
    },
    {
      "type": "Feature",
      "properties": {
        "Type": "BIKE LANE",
        "Status": "COMPLETED",
        "Notes": null,
        "Year": "2012",
        "OBJECTID_1": 316,
        "GlobalID": "{CD56D68E-299F-4B01-9D02-7FED06476B83}",
        "Feet": 47.07056148,
        "Miles": 0.00891488,
        "ShapeSTLength": 47.070561484421191
      },
      "geometry": {
        "type": "LineString",
        "coordinates": [
          [-84.337147611995718, 33.926450686539219],
          [-84.336992486872688, 33.926447275732968]
        ]
      }
    },
    {
      "type": "Feature",
      "properties": {
        "Type": "BIKE LANE",
        "Status": "COMPLETED",
        "Notes": null,
        "Year": "2012",
        "OBJECTID_1": 317,
        "GlobalID": "{6B136EF2-72B3-42CB-A790-C360752D00F1}",
        "Feet": 48.72785229,
        "Miles": 0.00922876,
        "ShapeSTLength": 48.727852292655491
      },
      "geometry": {
        "type": "LineString",
        "coordinates": [
          [-84.337160413773745, 33.926327404149063],
          [-84.33700020234933, 33.926317600617452]
        ]
      }
    },
    {
      "type": "Feature",
      "properties": {
        "Type": "BUFFERED BIKE LANE",
        "Status": "COMPLETED",
        "Notes": null,
        "Year": "2012",
        "OBJECTID_1": 318,
        "GlobalID": "{2125677D-F832-43A2-B5EB-E6938B36216E}",
        "Feet": 182.07094791,
        "Miles": 0.03448313,
        "ShapeSTLength": 182.07094790768275
      },
      "geometry": {
        "type": "LineString",
        "coordinates": [
          [-84.33700020234933, 33.926317600617452],
          [-84.336735577639203, 33.926290528821163],
          [-84.336502114718812, 33.926259430078488],
          [-84.336405968010041, 33.926247515045766]
        ]
      }
    },
    {
      "type": "Feature",
      "properties": {
        "Type": "BUFFERED BIKE LANE",
        "Status": "COMPLETED",
        "Notes": null,
        "Year": "2012",
        "OBJECTID_1": 319,
        "GlobalID": "{7518B677-D615-4F01-863D-87A5A1D28139}",
        "Feet": 186.57922423,
        "Miles": 0.03533697,
        "ShapeSTLength": 186.57922422765731
      },
      "geometry": {
        "type": "LineString",
        "coordinates": [
          [-84.336992486872688, 33.926447275732968],
          [-84.336776440448759, 33.92642703069739],
          [-84.336492246667817, 33.926400836548837],
          [-84.336381835929501, 33.92638635619177]
        ]
      }
    },
    {
      "type": "Feature",
      "properties": {
        "Type": "BUFFERED BIKE LANE",
        "Status": "COMPLETED",
        "Notes": null,
        "Year": "2012",
        "OBJECTID_1": 320,
        "GlobalID": "{9EAAD06D-8E24-474A-B994-128374828EF9}",
        "Feet": 111.69817876,
        "Miles": 0.02115496,
        "ShapeSTLength": 111.69817875982397
      },
      "geometry": {
        "type": "LineString",
        "coordinates": [
          [-84.336381835929501, 33.92638635619177],
          [-84.336018071681735, 33.926338648570443]
        ]
      }
    },
    {
      "type": "Feature",
      "properties": {
        "Type": "BUFFERED BIKE LANE",
        "Status": "COMPLETED",
        "Notes": null,
        "Year": "2012",
        "OBJECTID_1": 321,
        "GlobalID": "{7B694B6D-26E9-49D6-81C1-E4D3FF766828}",
        "Feet": 49.1837034,
        "Miles": 0.0093151,
        "ShapeSTLength": 49.183703396434993
      },
      "geometry": {
        "type": "LineString",
        "coordinates": [
          [-84.336405968010041, 33.926247515045766],
          [-84.336245585436117, 33.926227639550028]
        ]
      }
    },
    {
      "type": "Feature",
      "properties": {
        "Type": "BUFFERED BIKE LANE",
        "Status": "COMPLETED",
        "Notes": null,
        "Year": "2012",
        "OBJECTID_1": 322,
        "GlobalID": "{E88813BE-C762-47CB-B7C3-0EB1C28C303B}",
        "Feet": 111.79282671,
        "Miles": 0.02117288,
        "ShapeSTLength": 111.79282671455522
      },
      "geometry": {
        "type": "LineString",
        "coordinates": [
          [-84.335616794902535, 33.926214937870476],
          [-84.335253189223053, 33.926164782545762]
        ]
      }
    },
    {
      "type": "Feature",
      "properties": {
        "Type": "BIKE LANE",
        "Status": "COMPLETED",
        "Notes": null,
        "Year": "2009",
        "OBJECTID_1": 323,
        "GlobalID": "{E1B005F5-1B1C-4004-B2F0-FBFE4F8589E6}",
        "Feet": 31.57988071,
        "Miles": 0.00598104,
        "ShapeSTLength": 31.579880712500433
      },
      "geometry": {
        "type": "LineString",
        "coordinates": [
          [-84.34148109526592, 33.927040902899321],
          [-84.341529000444126, 33.927042775194948],
          [-84.341585133286983, 33.927044039807605]
        ]
      }
    },
    {
      "type": "Feature",
      "properties": {
        "Type": "BIKE LANE",
        "Status": "COMPLETED",
        "Notes": null,
        "Year": "2009",
        "OBJECTID_1": 324,
        "GlobalID": "{972E467F-6252-48FD-8D52-99A595EBD6B6}",
        "Feet": 31.65288854,
        "Miles": 0.00599487,
        "ShapeSTLength": 31.652888542271779
      },
      "geometry": {
        "type": "LineString",
        "coordinates": [
          [-84.341488597883469, 33.92692099339159],
          [-84.341541756131619, 33.926922216263819],
          [-84.341592893608862, 33.926923809848873]
        ]
      }
    },
    {
      "type": "Feature",
      "properties": {
        "Type": "BIKE LANE",
        "Status": "COMPLETED",
        "Notes": null,
        "Year": "2014",
        "OBJECTID_1": 325,
        "GlobalID": "{ED00D9CA-2A10-4C00-9494-AB9C2DC8A573}",
        "Feet": 440.78070822000001,
        "Miles": 0.08348119,
        "ShapeSTLength": 440.78070821133116
      },
      "geometry": {
        "type": "LineString",
        "coordinates": [
          [-84.34148109526592, 33.927040902899321],
          [-84.341376766831587, 33.927777584049281],
          [-84.341347482266173, 33.928011411198966],
          [-84.341344213691571, 33.928092525622105],
          [-84.341377717587449, 33.928243246053476]
        ]
      }
    },
    {
      "type": "Feature",
      "properties": {
        "Type": "BIKE LANE",
        "Status": "COMPLETED",
        "Notes": null,
        "Year": "2014",
        "OBJECTID_1": 326,
        "GlobalID": "{3073BE15-631E-4E3C-A16D-07CA7FD0E5B5}",
        "Feet": 239.92120702,
        "Miles": 0.04543962,
        "ShapeSTLength": 239.92120701849942
      },
      "geometry": {
        "type": "LineString",
        "coordinates": [
          [-84.341377717587449, 33.928243246053476],
          [-84.341348156257851, 33.928341572934066],
          [-84.341318952546672, 33.928415359620494],
          [-84.341268211137489, 33.9285277323633],
          [-84.341205358366182, 33.928635768276337],
          [-84.341130922351326, 33.92873856225777],
          [-84.341045525414998, 33.928835254151799]
        ]
      }
    },
    {
      "type": "Feature",
      "properties": {
        "Type": "BIKE LANE",
        "Status": "COMPLETED",
        "Notes": null,
        "Year": "2014",
        "OBJECTID_1": 327,
        "GlobalID": "{8B92C01A-AE38-494C-9EF6-C27CEB78D0C2}",
        "Feet": 446.11423549,
        "Miles": 0.08449133,
        "ShapeSTLength": 446.11423549222883
      },
      "geometry": {
        "type": "LineString",
        "coordinates": [
          [-84.341585133286983, 33.927044039807605],
          [-84.341571976161717, 33.927234351266357],
          [-84.341546795033338, 33.927515884244976],
          [-84.341530824927148, 33.927683135066253],
          [-84.341470760635602, 33.928119541035372],
          [-84.341377717587449, 33.928243246053476]
        ]
      }
    },
    {
      "type": "Feature",
      "properties": {
        "Type": "BIKE LANE",
        "Status": "EXISTING",
        "Notes": null,
        "Year": null,
        "OBJECTID_1": 328,
        "GlobalID": "{CE83402D-6D48-48EC-8AB5-4E0AAAE500F5}",
        "Feet": 542.92231852999998,
        "Miles": 0.1028262,
        "ShapeSTLength": 542.92231852664975
      },
      "geometry": {
        "type": "LineString",
        "coordinates": [
          [-84.345397283703321, 33.922127785710543],
          [-84.345409388324185, 33.921957877344667],
          [-84.345410644400374, 33.921737448276346],
          [-84.345406806977977, 33.921544222502767],
          [-84.345395826841113, 33.92121932380666],
          [-84.345381409942931, 33.920892998288501],
          [-84.345374052116597, 33.920658269181608],
          [-84.345374038028638, 33.920636499306923]
        ]
      }
    },
    {
      "type": "Feature",
      "properties": {
        "Type": "BIKE LANE",
        "Status": "EXISTING",
        "Notes": null,
        "Year": null,
        "OBJECTID_1": 329,
        "GlobalID": "{468043C7-AE41-41D0-969B-A43316FAE549}",
        "Feet": 627.58748159000004,
        "Miles": 0.11886127,
        "ShapeSTLength": 627.58748159799029
      },
      "geometry": {
        "type": "LineString",
        "coordinates": [
          [-84.345367698673257, 33.92051400381775],
          [-84.345358149673345, 33.920377151793851],
          [-84.345339558679015, 33.920265462997833],
          [-84.34530265047286, 33.920172164298904],
          [-84.345234487180392, 33.920055956266857],
          [-84.345168176450471, 33.919947397657872],
          [-84.345112915158523, 33.919855656466183],
          [-84.345057633767354, 33.919754733059605],
          [-84.345015234958154, 33.919669094367407],
          [-84.344976443136531, 33.919552843644986],
          [-84.34494500126695, 33.919439643308841],
          [-84.344928304793768, 33.919355498344935],
          [-84.344922561903758, 33.919242259898219],
          [-84.344924164580505, 33.919130541788547],
          [-84.344938595413979, 33.919008092820988],
          [-84.344969336703869, 33.918861366340053]
        ]
      }
    },
    {
      "type": "Feature",
      "properties": {
        "Type": "BIKE LANE",
        "Status": "EXISTING",
        "Notes": null,
        "Year": null,
        "OBJECTID_1": 330,
        "GlobalID": "{F83C9E18-89A2-40A2-BAEF-F0C1A4775A8A}",
        "Feet": 986.3149662,
        "Miles": 0.18680208,
        "ShapeSTLength": 986.31496619637448
      },
      "geometry": {
        "type": "LineString",
        "coordinates": [
          [-84.345755056957927, 33.917745264662784],
          [-84.346057039245039, 33.917382895657568],
          [-84.346057523250337, 33.917382656020095],
          [-84.346886625384897, 33.916497829010218],
          [-84.347067032108143, 33.91629145177933],
          [-84.347133154645178, 33.916167304744448],
          [-84.347201481945405, 33.916003076886746],
          [-84.347229003380505, 33.915891868892025],
          [-84.3472422149338, 33.915779727943061],
          [-84.347239540528179, 33.915424953976206]
        ]
      }
    },
    {
      "type": "Feature",
      "properties": {
        "Type": "BIKE LANE",
        "Status": "EXISTING",
        "Notes": null,
        "Year": null,
        "OBJECTID_1": 331,
        "GlobalID": "{9A6BF0A4-6A6C-4293-92D2-69A4A638BADB}",
        "Feet": 732.54043613,
        "Miles": 0.13873872,
        "ShapeSTLength": 732.5404361338982
      },
      "geometry": {
        "type": "LineString",
        "coordinates": [
          [-84.345138342484134, 33.925470075114475],
          [-84.345172380692631, 33.925408612092973],
          [-84.345199191754858, 33.925333194177732],
          [-84.345222755980402, 33.925222075476782],
          [-84.34523839056618, 33.92511229096057],
          [-84.345260172057237, 33.924907281688675],
          [-84.345285089837091, 33.924685076458871],
          [-84.345302164623689, 33.924505200646138],
          [-84.345305053649767, 33.924368985249188],
          [-84.345298288489872, 33.924167984528431],
          [-84.345264193983539, 33.923793784932805],
          [-84.345258764506568, 33.923472440637916]
        ]
      }
    },
    {
      "type": "Feature",
      "properties": {
        "Type": "BIKE LANE",
        "Status": "EXISTING",
        "Notes": null,
        "Year": null,
        "OBJECTID_1": 332,
        "GlobalID": "{4A0DE217-C8E4-491D-A884-B8871234E215}",
        "Feet": 41.49425017,
        "Miles": 0.00785876,
        "ShapeSTLength": 41.494250162208111
      },
      "geometry": {
        "type": "LineString",
        "coordinates": [
          [-84.345258764506568, 33.923472440637916],
          [-84.345270479803787, 33.923358826231429]
        ]
      }
    },
    {
      "type": "Feature",
      "properties": {
        "Type": "BIKE LANE",
        "Status": "EXISTING",
        "Notes": null,
        "Year": null,
        "OBJECTID_1": 333,
        "GlobalID": "{6E298E5F-03EB-40FF-AF10-3FC064E2D79E}",
        "Feet": 584.25333301000001,
        "Miles": 0.11065404,
        "ShapeSTLength": 584.25333300900616
      },
      "geometry": {
        "type": "LineString",
        "coordinates": [
          [-84.34374645384878, 33.927298109478166],
          [-84.344178208549536, 33.926508097562774],
          [-84.344227466509906, 33.926404119914302],
          [-84.344288729811169, 33.926304673656674],
          [-84.344361405537754, 33.926210720766228],
          [-84.344444793589943, 33.926123167471047],
          [-84.344538086675428, 33.926042859743823],
          [-84.344712202567919, 33.925938900751561]
        ]
      }
    },
    {
      "type": "Feature",
      "properties": {
        "Type": "BIKE LANE",
        "Status": "EXISTING",
        "Notes": null,
        "Year": null,
        "OBJECTID_1": 334,
        "GlobalID": "{8ECD1115-4172-4B1C-8AF8-85FC43D0C464}",
        "Feet": 750.52166706000003,
        "Miles": 0.14214426,
        "ShapeSTLength": 750.52166704931392
      },
      "geometry": {
        "type": "LineString",
        "coordinates": [
          [-84.34526234546577, 33.925513902144118],
          [-84.345315486058198, 33.925417946537785],
          [-84.345342296997032, 33.925342528591898],
          [-84.34536586103917, 33.925231409864359],
          [-84.345381495442908, 33.925121625330732],
          [-84.345403276593302, 33.924916616034928],
          [-84.345428194004072, 33.924694410777683],
          [-84.345445268491602, 33.924514534946368],
          [-84.345448157290136, 33.924378319547017],
          [-84.345441391793315, 33.924177318835497],
          [-84.345407296657555, 33.923803119282105],
          [-84.345400019310674, 33.923470373845461]
        ]
      }
    },
    {
      "type": "Feature",
      "properties": {
        "Type": "BIKE LANE",
        "Status": "EXISTING",
        "Notes": null,
        "Year": null,
        "OBJECTID_1": 335,
        "GlobalID": "{121E76A4-5302-4038-87F6-E8180F3C707D}",
        "Feet": 235.31597763,
        "Miles": 0.04456742,
        "ShapeSTLength": 235.31597762960681
      },
      "geometry": {
        "type": "LineString",
        "coordinates": [
          [-84.344712202567919, 33.925938900751561],
          [-84.344884502521538, 33.925881397964815],
          [-84.344960250266965, 33.925838944129929],
          [-84.345030266690429, 33.925792920878159],
          [-84.345122535135118, 33.92569990480078],
          [-84.345214338129097, 33.925600588731442],
          [-84.34526234546577, 33.925513902144118]
        ]
      }
    },
    {
      "type": "Feature",
      "properties": {
        "Type": "BIKE LANE",
        "Status": "EXISTING",
        "Notes": null,
        "Year": null,
        "OBJECTID_1": 336,
        "GlobalID": "{D268E674-8CA2-4F16-82A8-671E302F19D7}",
        "Feet": 215.60705978,
        "Miles": 0.04083467,
        "ShapeSTLength": 215.60705977849904
      },
      "geometry": {
        "type": "LineString",
        "coordinates": [
          [-84.344712202567919, 33.925938900751561],
          [-84.344810021256919, 33.925852152235834],
          [-84.344903428000435, 33.925760769333102],
          [-84.344979429317931, 33.925690570133582],
          [-84.345071232468527, 33.925591254170257],
          [-84.345138342484134, 33.925470075114475]
        ]
      }
    },
    {
      "type": "Feature",
      "properties": {
        "Type": "BIKE LANE",
        "Status": "EXISTING",
        "Notes": null,
        "Year": null,
        "OBJECTID_1": 337,
        "GlobalID": "{075303A6-A4C0-4E25-A934-522AB54086F6}",
        "Feet": 41.76689534,
        "Miles": 0.0079104,
        "ShapeSTLength": 41.766895345885146
      },
      "geometry": {
        "type": "LineString",
        "coordinates": [
          [-84.345400019310674, 33.923470373845461],
          [-84.345409223284648, 33.923355847915097]
        ]
      }
    },
    {
      "type": "Feature",
      "properties": {
        "Type": "BIKE LANE",
        "Status": "EXISTING",
        "Notes": null,
        "Year": null,
        "OBJECTID_1": 338,
        "GlobalID": "{9B19085E-BCDC-4C8B-AB5E-858797809877}",
        "Feet": 553.25412773000005,
        "Miles": 0.10478298,
        "ShapeSTLength": 553.25412772603784
      },
      "geometry": {
        "type": "LineString",
        "coordinates": [
          [-84.345550201863702, 33.92214847973586],
          [-84.345590815964343, 33.921848796900278],
          [-84.345601190189328, 33.921719995498592],
          [-84.345596090933242, 33.921572658294814],
          [-84.34556854525627, 33.92084468676078],
          [-84.34555650006881, 33.920630896752101]
        ]
      }
    },
    {
      "type": "Feature",
      "properties": {
        "Type": "BIKE LANE",
        "Status": "EXISTING",
        "Notes": null,
        "Year": null,
        "OBJECTID_1": 339,
        "GlobalID": "{0CC840F0-C052-43E4-9D7E-F4AA5F10F8F7}",
        "Feet": 441.41136082999998,
        "Miles": 0.08360064,
        "ShapeSTLength": 441.41136083295788
      },
      "geometry": {
        "type": "LineString",
        "coordinates": [
          [-84.345409223284648, 33.923355847915097],
          [-84.345530322750363, 33.922315537623469],
          [-84.345550201863702, 33.92214847973586]
        ]
      }
    },
    {
      "type": "Feature",
      "properties": {
        "Type": "BIKE LANE",
        "Status": "EXISTING",
        "Notes": null,
        "Year": null,
        "OBJECTID_1": 340,
        "GlobalID": "{8066223C-D37D-46E3-BA02-70B04ACB8AC3}",
        "Feet": 449.62450914,
        "Miles": 0.08515616,
        "ShapeSTLength": 449.62450913774745
      },
      "geometry": {
        "type": "LineString",
        "coordinates": [
          [-84.345270479803787, 33.923358826231429],
          [-84.345357399442605, 33.922550528367395],
          [-84.345379257259211, 33.922328638537721],
          [-84.345389388648229, 33.922247037016454],
          [-84.345397283703321, 33.922127785710543]
        ]
      }
    },
    {
      "type": "Feature",
      "properties": {
        "Type": "BIKE LANE",
        "Status": "EXISTING",
        "Notes": null,
        "Year": null,
        "OBJECTID_1": 341,
        "GlobalID": "{D0BD7478-6F61-41A0-AD3C-B4E01A1B733D}",
        "Feet": 624.67336537000006,
        "Miles": 0.11830935,
        "ShapeSTLength": 624.67336537015331
      },
      "geometry": {
        "type": "LineString",
        "coordinates": [
          [-84.345547319035745, 33.920533127237505],
          [-84.345536489842388, 33.920417793625191],
          [-84.345514006418128, 33.920292755541752],
          [-84.345471558932857, 33.920184162445373],
          [-84.34536835130578, 33.91998842644611],
          [-84.345261502222897, 33.919806469861868],
          [-84.345208069870793, 33.919711665018859],
          [-84.34515092441309, 33.919596971928918],
          [-84.345112181375583, 33.919503675820955],
          [-84.345084432325081, 33.919401182456575],
          [-84.345067592193303, 33.919248171081634],
          [-84.345071499755036, 33.91914493398729],
          [-84.345084993180933, 33.919033607088316],
          [-84.345121924615768, 33.918894580555225]
        ]
      }
    },
    {
      "type": "Feature",
      "properties": {
        "Type": "BIKE LANE",
        "Status": "EXISTING",
        "Notes": null,
        "Year": null,
        "OBJECTID_1": 342,
        "GlobalID": "{65C84A39-4B1A-4013-88AC-88EC3D30E4A3}",
        "Feet": 1027.5614297699999,
        "Miles": 0.19461391,
        "ShapeSTLength": 1027.5614297722236
      },
      "geometry": {
        "type": "LineString",
        "coordinates": [
          [-84.34587432956738, 33.917814485281362],
          [-84.346308389690492, 33.917321194879996],
          [-84.346535563626276, 33.917068785924933],
          [-84.347124417271189, 33.916427864009492],
          [-84.347127363895723, 33.916424594882002],
          [-84.347205882379626, 33.916325600513979],
          [-84.347258908653288, 33.916232485150552],
          [-84.347311626074529, 33.916128874315291],
          [-84.347359351024835, 33.915964676584977],
          [-84.347374849868643, 33.915851577439213],
          [-84.347381790184215, 33.915750896405875],
          [-84.347374995711093, 33.915383735549874]
        ]
      }
    },
    {
      "type": "Feature",
      "properties": {
        "Type": "BIKE LANE",
        "Status": "EXISTING",
        "Notes": null,
        "Year": null,
        "OBJECTID_1": 343,
        "GlobalID": "{C212AF09-8D86-4D2C-8A6C-EB16C5212D31}",
        "Feet": 456.25792108000002,
        "Miles": 0.08641249,
        "ShapeSTLength": 456.257921070865
      },
      "geometry": {
        "type": "LineString",
        "coordinates": [
          [-84.345121924615768, 33.918894580555225],
          [-84.345219067048319, 33.918706472055206],
          [-84.345277471049101, 33.918602001838778],
          [-84.345469830351234, 33.918296811545609],
          [-84.345627344758498, 33.918087401449711],
          [-84.345860685618021, 33.917829561486172],
          [-84.34587432956738, 33.917814485281362]
        ]
      }
    },
    {
      "type": "Feature",
      "properties": {
        "Type": "BIKE LANE",
        "Status": "EXISTING",
        "Notes": null,
        "Year": null,
        "OBJECTID_1": 344,
        "GlobalID": "{823D9431-EF0D-4B2D-8FB7-070649C6CF63}",
        "Feet": 472.55799507,
        "Miles": 0.08949962,
        "ShapeSTLength": 472.55799507435103
      },
      "geometry": {
        "type": "LineString",
        "coordinates": [
          [-84.344969336703869, 33.918861366340053],
          [-84.344969712684346, 33.918860662522853],
          [-84.345061327124043, 33.918689337911701],
          [-84.34514287251929, 33.918549714772134],
          [-84.345335232185633, 33.918244524685456],
          [-84.345492746827361, 33.918035114759121],
          [-84.345726087951675, 33.917777275047584],
          [-84.345755056957927, 33.917745264662784]
        ]
      }
    },
    {
      "type": "Feature",
      "properties": {
        "Type": "BIKE LANE",
        "Status": "EXISTING",
        "Notes": null,
        "Year": null,
        "OBJECTID_1": 345,
        "GlobalID": "{7072B0D7-2AE8-4781-A093-417348526598}",
        "Feet": 44.61486723,
        "Miles": 0.00844979,
        "ShapeSTLength": 44.614867226217676
      },
      "geometry": {
        "type": "LineString",
        "coordinates": [
          [-84.345374038028638, 33.920636499306923],
          [-84.345367698673257, 33.92051400381775]
        ]
      }
    },
    {
      "type": "Feature",
      "properties": {
        "Type": "BIKE LANE",
        "Status": "EXISTING",
        "Notes": null,
        "Year": null,
        "OBJECTID_1": 346,
        "GlobalID": "{458D3657-C058-410D-B832-1ED1E16E316B}",
        "Feet": 35.68501562,
        "Miles": 0.00675853,
        "ShapeSTLength": 35.685015623751944
      },
      "geometry": {
        "type": "LineString",
        "coordinates": [
          [-84.34555650006881, 33.920630896752101],
          [-84.345547319035745, 33.920533127237505]
        ]
      }
    },
    {
      "type": "Feature",
      "properties": {
        "Type": "BUFFERED BIKE LANE",
        "Status": "COMPLETED",
        "Notes": null,
        "Year": "2012",
        "OBJECTID_1": 347,
        "GlobalID": "{B2CECBFC-229D-4103-8D47-8B7F188C4BFA}",
        "Feet": 748.54207863,
        "Miles": 0.14176933,
        "ShapeSTLength": 748.54207862650367
      },
      "geometry": {
        "type": "LineString",
        "coordinates": [
          [-84.335253189223053, 33.926164782545762],
          [-84.335090026571706, 33.92617363621472],
          [-84.334916630018625, 33.926206819735917],
          [-84.334607248369139, 33.926315233084317],
          [-84.334601831741764, 33.92631580489202],
          [-84.334573278654176, 33.926325804143474],
          [-84.334460486959387, 33.926353408033123],
          [-84.334344698740296, 33.92637031534322],
          [-84.334227367298752, 33.92637631400796],
          [-84.334109967838216, 33.926371328083285],
          [-84.333993974754279, 33.926355421384685],
          [-84.333880846482515, 33.926328793900964],
          [-84.33377200493824, 33.926291778215472],
          [-84.333758078066012, 33.926286159214136],
          [-84.333667357290295, 33.926254983055529],
          [-84.333572446208862, 33.926234217330865],
          [-84.333475052282708, 33.926224233894679],
          [-84.33341797573884, 33.926223467267029],
          [-84.333281814820268, 33.926220576100029],
          [-84.333146626588132, 33.926206728650762],
          [-84.333013677899899, 33.926182053947485],
          [-84.332884210932406, 33.92614678384308],
          [-84.332866138867388, 33.926140309277848]
        ]
      }
    },
    {
      "type": "Feature",
      "properties": {
        "Type": "BUFFERED BIKE LANE",
        "Status": "COMPLETED",
        "Notes": null,
        "Year": "2012",
        "OBJECTID_1": 348,
        "GlobalID": "{330A9258-7599-4DE2-9FB5-234F8FBA6A25}",
        "Feet": 110.11269031,
        "Miles": 0.02085468,
        "ShapeSTLength": 110.11269031461563
      },
      "geometry": {
        "type": "LineString",
        "coordinates": [
          [-84.332866138867388, 33.926140309277848],
          [-84.332776650968654, 33.926108253510655],
          [-84.33253204201884, 33.926021962615465]
        ]
      }
    },
    {
      "type": "Feature",
      "properties": {
        "Type": "BIKE LANE",
        "Status": null,
        "Notes": null,
        "Year": null,
        "OBJECTID_1": 349,
        "GlobalID": "{03B14FF4-FA16-45B1-9CF4-CF12CD4220CC}",
        "Feet": 300.31385459000001,
        "Miles": 0.05687762,
        "ShapeSTLength": 300.31385459006924
      },
      "geometry": {
        "type": "LineString",
        "coordinates": [
          [-84.346231306073193, 33.9621359387734],
          [-84.346413452795218, 33.962492933894239],
          [-84.346496048671838, 33.962651845549757],
          [-84.346548253646375, 33.962742221230094],
          [-84.346637891771138, 33.962888131872418]
        ]
      }
    },
    {
      "type": "Feature",
      "properties": {
        "Type": "BIKE LANE",
        "Status": null,
        "Notes": null,
        "Year": null,
        "OBJECTID_1": 350,
        "GlobalID": "{37F07EB0-80F9-4167-8865-9DD0C09E5477}",
        "Feet": 626.79105973000003,
        "Miles": 0.11871043,
        "ShapeSTLength": 626.79105972709931
      },
      "geometry": {
        "type": "LineString",
        "coordinates": [
          [-84.347442634246647, 33.961323177822678],
          [-84.347308374124992, 33.961466560292813],
          [-84.347183359830254, 33.961615144056857],
          [-84.347064988757225, 33.961785704093728],
          [-84.346940148567811, 33.962016731986971],
          [-84.346835096310727, 33.962247731684414],
          [-84.346746539824466, 33.962481454404205],
          [-84.346681063899567, 33.962712396045951],
          [-84.346637891771138, 33.962888131872418]
        ]
      }
    },
    {
      "type": "Feature",
      "properties": {
        "Type": "BIKE ROUTE",
        "Status": "PROGRAMMED",
        "Notes": null,
        "Year": null,
        "OBJECTID_1": 749,
        "GlobalID": "{D82F928C-2DF2-41BA-91A4-6ABD9482BA34}",
        "Feet": 468.13210574,
        "Miles": 0.08866138,
        "ShapeSTLength": 468.13210574452944
      },
      "geometry": {
        "type": "LineString",
        "coordinates": [
          [-84.315901075921033, 33.925790682582345],
          [-84.315924306201936, 33.925878595944567],
          [-84.315930971509488, 33.925919810450836],
          [-84.315940952704963, 33.925972013626335],
          [-84.315947752258822, 33.926090176791504],
          [-84.315944618540613, 33.926183619347263],
          [-84.315928317113176, 33.926288069649168],
          [-84.315902111099376, 33.926384287434011],
          [-84.315866019638904, 33.926483265361021],
          [-84.315816736383695, 33.926579511081933],
          [-84.315767418419952, 33.926656520521497],
          [-84.315704952792785, 33.9267555303271],
          [-84.31553137150334, 33.926994078374719]
        ]
      }
    },
    {
      "type": "Feature",
      "properties": {
        "Type": "BIKE ROUTE",
        "Status": "EXISTING",
        "Notes": null,
        "Year": null,
        "OBJECTID_1": 1149,
        "GlobalID": "{7E9CDF7E-A4FE-4913-AC75-B41C4737CA79}",
        "Feet": 282.88699005000001,
        "Miles": 0.05357708,
        "ShapeSTLength": 282.88699004945119
      },
      "geometry": {
        "type": "LineString",
        "coordinates": [
          [-84.285662380264966, 33.946237054569494],
          [-84.285530732706022, 33.946418560600094],
          [-84.285375978074683, 33.946583600683333],
          [-84.285086159144981, 33.946844955406931]
        ]
      }
    },
    {
      "type": "Feature",
      "properties": {
        "Type": "BIKE LANE",
        "Status": "EXISTING",
        "Notes": null,
        "Year": null,
        "OBJECTID_1": 1150,
        "GlobalID": "{73DB6CA0-C3D2-476C-9062-3CC98AAC0CFC}",
        "Feet": 698.05363004000003,
        "Miles": 0.13220713,
        "ShapeSTLength": 698.05363003283253
      },
      "geometry": {
        "type": "LineString",
        "coordinates": [
          [-84.306131862238686, 33.943534274835649],
          [-84.303830104026787, 33.943535282845083]
        ]
      }
    },
    {
      "type": "Feature",
      "properties": {
        "Type": "BIKE LANE",
        "Status": "COMPLETED",
        "Notes": null,
        "Year": "2016",
        "OBJECTID_1": 1155,
        "GlobalID": "{45F50970-2FE6-4E29-A2AE-B9DBDC25D4F8}",
        "Feet": 312.56181,
        "Miles": 0.05919731,
        "ShapeSTLength": 312.56181000410817
      },
      "geometry": {
        "type": "LineString",
        "coordinates": [
          [-84.328760186525955, 33.947259660571113],
          [-84.328713216902344, 33.947265197991079],
          [-84.328620917414838, 33.947281808419255],
          [-84.328528602284777, 33.947290174312393],
          [-84.328080282832886, 33.94736771236974],
          [-84.327935253722671, 33.947400880380243],
          [-84.327757280240505, 33.947450580304583]
        ]
      }
    },
    {
      "type": "Feature",
      "properties": {
        "Type": "BIKE LANE",
        "Status": "PROGRAMMED",
        "Notes": null,
        "Year": null,
        "OBJECTID_1": 1156,
        "GlobalID": "{93959654-44AB-4F98-A7F4-762ED1441209}",
        "Feet": 305.96502081,
        "Miles": 0.05794792,
        "ShapeSTLength": 305.96502081169461
      },
      "geometry": {
        "type": "LineString",
        "coordinates": [
          [-84.29301861589326, 33.936422209233818],
          [-84.293306183765168, 33.936467021459627],
          [-84.293469608496892, 33.93649248751462],
          [-84.293534646898323, 33.936519690321731],
          [-84.293912261624456, 33.936677630515419],
          [-84.293961186487522, 33.936698093833002]
        ]
      }
    },
    {
      "type": "Feature",
      "properties": {
        "Type": "BIKE LANE",
        "Status": "EXISTING",
        "Notes": "Width suitable for lane.",
        "Year": null,
        "OBJECTID_1": 1158,
        "GlobalID": "{70F8844A-B8F3-4F9A-9489-64B0DB0A1D84}",
        "Feet": 1247.9330951500001,
        "Miles": 0.23635096,
        "ShapeSTLength": 1247.9330951503791
      },
      "geometry": {
        "type": "LineString",
        "coordinates": [
          [-84.316274981295379, 33.9435461800498],
          [-84.316275560820202, 33.943549082590124],
          [-84.316870456219988, 33.946529967133593],
          [-84.316897020765481, 33.946634364916129],
          [-84.31693015999177, 33.946727762014703],
          [-84.317026111457409, 33.946911772682625]
        ]
      }
    },
    {
      "type": "Feature",
      "properties": {
        "Type": "BIKE LANE",
        "Status": "COMPLETED",
        "Notes": null,
        "Year": "2016",
        "OBJECTID_1": 1564,
        "GlobalID": "{BD1AA30A-B30E-480E-8E8B-EE522F7B56A8}",
        "Feet": 319.2266249,
        "Miles": 0.06045959,
        "ShapeSTLength": 319.22662490034156
      },
      "geometry": {
        "type": "LineString",
        "coordinates": [
          [-84.33640858273661, 33.950046688709882],
          [-84.336321740171201, 33.949560154076082],
          [-84.336149280188977, 33.949202557282668]
        ]
      }
    },
    {
      "type": "Feature",
      "properties": {
        "Type": "BIKE LANE",
        "Status": "COMPLETED",
        "Notes": null,
        "Year": null,
        "OBJECTID_1": 3164,
        "GlobalID": "{95A4BE48-1C76-411F-BAD0-73372FF4CF78}",
        "Feet": 870.08117931000004,
        "Miles": 0.1647881,
        "ShapeSTLength": 409.54073716001346
      },
      "geometry": {
        "type": "LineString",
        "coordinates": [
          [-84.31802208224336, 33.932583369098964],
          [-84.318752346750898, 33.932992912163826],
          [-84.319148362218058, 33.933204031417915]
        ]
      }
    },
    {
      "type": "Feature",
      "properties": {
        "Type": "BIKE ROUTE",
        "Status": null,
        "Notes": null,
        "Year": null,
        "OBJECTID_1": 3165,
        "GlobalID": "{46E0BC97-C972-4A7A-9820-7D3B4D779458}",
        "Feet": 492.75207488000001,
        "Miles": 0.09332426,
        "ShapeSTLength": 210.28660457908066
      },
      "geometry": {
        "type": "LineString",
        "coordinates": [
          [-84.304335497927511, 33.948113840631478],
          [-84.304359001880599, 33.948149526037646],
          [-84.304659848518725, 33.948624622253163]
        ]
      }
    },
    {
      "type": "Feature",
      "properties": {
        "Type": "BIKE ROUTE",
        "Status": "EXISTING",
        "Notes": null,
        "Year": null,
        "OBJECTID_1": 3563,
        "GlobalID": "{443850CD-6292-404E-A2E5-83C3B61128C6}",
        "Feet": null,
        "Miles": null,
        "ShapeSTLength": 6642.9649527669217
      },
      "geometry": {
        "type": "LineString",
        "coordinates": [
          [-84.336765692765582, 33.953836192849892],
          [-84.334948494861564, 33.953778230933629],
          [-84.333935551503174, 33.953439376237576],
          [-84.333192773929113, 33.953112814059892],
          [-84.333366466872832, 33.952554701710277],
          [-84.333366011387852, 33.952321108761666],
          [-84.331771057244765, 33.952322054559858],
          [-84.330490393981108, 33.952324969184794],
          [-84.330075016685015, 33.952396973417827],
          [-84.329732345914806, 33.952551324754147],
          [-84.328807001537029, 33.9532478332073],
          [-84.327305546049971, 33.954473713509216],
          [-84.326284552634007, 33.955199578209061],
          [-84.325730704962723, 33.955301976996481],
          [-84.325633662303872, 33.95454635776052],
          [-84.325580090210465, 33.954112216883182],
          [-84.325548810328783, 33.95325208155117],
          [-84.325734671719246, 33.952116848792215],
          [-84.325648370533088, 33.951601368266125],
          [-84.325184855681059, 33.950529089676508],
          [-84.324866137754682, 33.949669352295153],
          [-84.324766355467801, 33.949207788467284],
          [-84.324659674416367, 33.948581342770652]
        ]
      }
    },
    {
      "type": "Feature",
      "properties": {
        "Type": "BIKE ROUTE",
        "Status": "EXISTING",
        "Notes": null,
        "Year": null,
        "OBJECTID_1": 3965,
        "GlobalID": "{ABA73324-24E0-4BD1-AE1D-760FDD020200}",
        "Feet": null,
        "Miles": null,
        "ShapeSTLength": 5262.1244925080809
      },
      "geometry": {
        "type": "LineString",
        "coordinates": [
          [-84.327757280240505, 33.947450580304583],
          [-84.327474639632811, 33.946519320979206],
          [-84.327006285176935, 33.946143432660165],
          [-84.326199483458737, 33.945792908875603],
          [-84.32574818434783, 33.945521230858688],
          [-84.325569355567936, 33.945109236422503],
          [-84.325557129501234, 33.943531802675317],
          [-84.325085602759799, 33.943532410302964],
          [-84.324263514817858, 33.94118103198182],
          [-84.323960381301944, 33.941299590719275],
          [-84.323630620317516, 33.941283522571503],
          [-84.323432495447364, 33.941127129582725],
          [-84.322923416363054, 33.940418748255958],
          [-84.322473630885227, 33.939674564457036],
          [-84.322222290319488, 33.939262656461523],
          [-84.322043242105579, 33.938713247499649],
          [-84.322224108141739, 33.938449195156949],
          [-84.322947975017613, 33.937618330396432],
          [-84.32306601434432, 33.937258169762245],
          [-84.323077871279224, 33.936529889526739],
          [-84.323080273945678, 33.93604071088518],
          [-84.323316854468047, 33.935597954254526]
        ]
      }
    },
    {
      "type": "Feature",
      "properties": {
        "Type": "BIKE ROUTE",
        "Status": "EXISTING",
        "Notes": null,
        "Year": null,
        "OBJECTID_1": 3966,
        "GlobalID": "{57BCC9E5-CFBE-473E-A50F-1594C0CC30CF}",
        "Feet": null,
        "Miles": null,
        "ShapeSTLength": 4573.2834642246244
      },
      "geometry": {
        "type": "LineString",
        "coordinates": [
          [-84.319148362218058, 33.933204031417915],
          [-84.318878707546361, 33.933597354086082],
          [-84.318734425998116, 33.934039988408067],
          [-84.318717818244423, 33.935354949725813],
          [-84.318689835044381, 33.936010985822307],
          [-84.318734949909469, 33.937535502990151],
          [-84.318728686408008, 33.937958914163687],
          [-84.318805932874227, 33.938414913429888],
          [-84.319198583679452, 33.939181245403617],
          [-84.319727860476107, 33.940142449384034],
          [-84.318376685616911, 33.940539857548309],
          [-84.318745107168269, 33.941902495751606],
          [-84.318772341067245, 33.942383392775731],
          [-84.317443487019872, 33.94237128648038],
          [-84.315999148586826, 33.942315334425871]
        ]
      }
    },
    {
      "type": "Feature",
      "properties": {
        "Type": "BIKE ROUTE",
        "Status": "EXISTING",
        "Notes": null,
        "Year": null,
        "OBJECTID_1": 3970,
        "GlobalID": "{4002A194-A120-4E08-AED3-41120EE7E587}",
        "Feet": null,
        "Miles": null,
        "ShapeSTLength": 3977.3195667147538
      },
      "geometry": {
        "type": "LineString",
        "coordinates": [
          [-84.294737297140045, 33.930948106249552],
          [-84.293652332886921, 33.93075960607257],
          [-84.293502043498748, 33.931683148200264],
          [-84.29194775662647, 33.931756716528326],
          [-84.291253756825824, 33.931839341021742],
          [-84.290452759229098, 33.931950075668084],
          [-84.290229010697047, 33.932258096407224],
          [-84.290286202498592, 33.933049513889429],
          [-84.290709241449221, 33.93375536907309],
          [-84.290264290876195, 33.933857499687335],
          [-84.28897188264385, 33.933875279189834],
          [-84.288970282888826, 33.935062491875804],
          [-84.28871015508949, 33.935301841612507],
          [-84.28726608264293, 33.935336242479273],
          [-84.28683109585576, 33.935498809739762]
        ]
      }
    },
    {
      "type": "Feature",
      "properties": {
        "Type": "BIKE ROUTE",
        "Status": "EXISTING",
        "Notes": null,
        "Year": null,
        "OBJECTID_1": 3971,
        "GlobalID": "{17994F20-2529-417D-8574-0D8CCCA4AF3B}",
        "Feet": null,
        "Miles": null,
        "ShapeSTLength": 1461.8183885525139
      },
      "geometry": {
        "type": "LineString",
        "coordinates": [
          [-84.299730819326555, 33.935879067088763],
          [-84.299784426686813, 33.937540632978596],
          [-84.299831271943845, 33.939169534255811],
          [-84.299958481525252, 33.939887539157702]
        ]
      }
    }
  ]
}
